[{"class_name": "polygon", "pointlist": [[148, 226], [161, 226], [161, 236], [148, 236], [148, 226]], "used": false}, {"class_name": "polygon", "pointlist": [[77, 192], [77, 218], [54, 218], [19, 218], [19, 167], [55, 168], [55, 192], [77, 192]], "used": false}, {"class_name": "polygon", "pointlist": [[142, 184], [143, 215], [143, 220], [92, 220], [92, 220], [91, 188], [85, 188], [85, 167], [113, 167], [114, 185], [130, 185], [130, 166], [147, 166], [147, 166], [148, 184], [142, 184]], "used": false}, {"class_name": "polygon", "pointlist": [[189, 252], [189, 255], [160, 255], [160, 252], [189, 252]], "used": false}, {"class_name": "polygon", "pointlist": [[71, 36], [71, 60], [79, 60], [79, 83], [71, 83], [21, 83], [21, 36], [71, 36]], "used": false}, {"class_name": "polygon", "pointlist": [[0, 184], [9, 183], [10, 211], [0, 211], [0, 184]], "used": false}, {"class_name": "polygon", "pointlist": [[178, 166], [178, 184], [183, 184], [211, 184], [211, 213], [183, 213], [158, 213], [158, 189], [152, 189], [152, 166], [178, 166]], "used": false}, {"class_name": "polygon", "pointlist": [[84, 250], [92, 251], [92, 255], [84, 255], [84, 250]], "used": false}, {"class_name": "polygon", "pointlist": [[148, 35], [148, 60], [146, 60], [146, 82], [146, 84], [120, 84], [120, 83], [120, 81], [88, 81], [88, 59], [92, 59], [92, 59], [93, 59], [93, 35], [148, 35]], "used": false}, {"class_name": "polygon", "pointlist": [[0, 247], [2, 247], [2, 238], [14, 238], [14, 247], [6, 247], [6, 255], [0, 255], [0, 247]], "used": false}, {"class_name": "polygon", "pointlist": [[96, 159], [96, 151], [102, 151], [102, 159], [96, 159]], "used": false}, {"class_name": "polygon", "pointlist": [[168, 84], [154, 84], [154, 42], [200, 42], [200, 68], [167, 68], [168, 84]], "used": false}, {"class_name": "polygon", "pointlist": [[0, 36], [9, 36], [9, 57], [6, 57], [6, 73], [0, 73], [0, 36]], "used": false}, {"class_name": "polygon", "pointlist": [[68, 34], [68, 26], [79, 26], [79, 34], [68, 34]], "used": false}]