[{"class_name": "polygon", "pointlist": [[45, 255], [45, 236], [25, 236], [25, 214], [83, 215], [83, 224], [92, 225], [92, 237], [83, 237], [82, 255], [45, 255]], "used": false}, {"class_name": "polygon", "pointlist": [[154, 11], [154, 0], [210, 0], [210, 27], [182, 27], [182, 11], [154, 11]], "used": false}, {"class_name": "polygon", "pointlist": [[77, 103], [89, 103], [89, 121], [77, 121], [77, 142], [31, 142], [31, 108], [61, 108], [61, 103], [77, 103]], "used": false}, {"class_name": "polygon", "pointlist": [[116, 26], [116, 21], [83, 21], [83, 0], [142, 0], [143, 26], [116, 26]], "used": false}, {"class_name": "polygon", "pointlist": [[13, 17], [13, 0], [71, 0], [70, 26], [37, 25], [37, 17], [13, 17]], "used": false}, {"class_name": "polygon", "pointlist": [[125, 134], [125, 117], [134, 117], [134, 105], [190, 105], [189, 126], [171, 126], [171, 151], [133, 151], [133, 134], [125, 134]], "used": false}, {"class_name": "polygon", "pointlist": [[84, 204], [26, 205], [25, 158], [83, 157], [84, 204]], "used": false}, {"class_name": "polygon", "pointlist": [[255, 26], [247, 25], [245, 28], [222, 25], [230, -1], [255, -1], [255, 26]], "used": false}, {"class_name": "polygon", "pointlist": [[137, 255], [138, 224], [138, 222], [154, 222], [154, 224], [184, 224], [190, 224], [189, 243], [183, 243], [183, 255], [137, 255]], "used": false}, {"class_name": "polygon", "pointlist": [[132, 205], [133, 159], [189, 160], [189, 186], [178, 186], [178, 206], [132, 205]], "used": false}]