[{"class_name": "polygon", "pointlist": [[158, 56], [112, 58], [112, 44], [84, 38], [68, 66], [56, 152], [70, 256], [76, 276], [104, 262], [98, 248], [96, 228], [158, 228], [158, 56]], "used": false}, {"class_name": "polygon", "pointlist": [[500, 0], [500, 2], [500, 72], [510, 72], [510, 0], [500, 0]], "used": false}, {"class_name": "polygon", "pointlist": [[256, 510], [256, 426], [88, 424], [90, 358], [18, 358], [8, 358], [8, 510], [256, 510]], "used": false}, {"class_name": "polygon", "pointlist": [[312, 0], [314, 376], [314, 450], [416, 450], [416, 376], [478, 376], [478, 0], [312, 0]], "used": false}]