[{"class_name": "polygon", "pointlist": [[198, 77], [203, 106], [177, 109], [173, 94], [157, 96], [153, 74], [177, 71], [176, 61], [195, 59], [205, 57], [208, 75], [198, 77]], "used": false}, {"class_name": "polygon", "pointlist": [[218, 202], [218, 245], [164, 246], [163, 202], [185, 202], [185, 216], [199, 216], [199, 202], [199, 198], [218, 198], [218, 202]], "used": false}, {"class_name": "polygon", "pointlist": [[226, 57], [213, 57], [213, 45], [226, 45], [226, 57]], "used": false}, {"class_name": "polygon", "pointlist": [[26, 110], [0, 112], [0, 108], [0, 70], [13, 68], [16, 68], [20, 68], [44, 67], [47, 90], [23, 91], [26, 110]], "used": false}, {"class_name": "polygon", "pointlist": [[26, 33], [26, 43], [38, 42], [39, 54], [39, 54], [39, 55], [27, 56], [28, 60], [15, 61], [15, 56], [0, 57], [0, 15], [36, 13], [37, 33], [26, 33]], "used": false}, {"class_name": "polygon", "pointlist": [[69, 181], [62, 189], [54, 183], [60, 176], [69, 181]], "used": false}, {"class_name": "polygon", "pointlist": [[246, 67], [246, 79], [255, 79], [255, 102], [245, 102], [245, 115], [217, 115], [216, 79], [218, 79], [218, 68], [246, 67]], "used": false}, {"class_name": "polygon", "pointlist": [[255, 246], [244, 246], [244, 236], [241, 236], [241, 195], [255, 195], [255, 246]], "used": false}, {"class_name": "polygon", "pointlist": [[3, 233], [0, 233], [0, 204], [0, 204], [3, 233]], "used": false}, {"class_name": "polygon", "pointlist": [[255, 9], [216, 9], [216, 21], [204, 21], [205, 9], [205, 0], [255, 0], [255, 9]], "used": false}, {"class_name": "polygon", "pointlist": [[148, 236], [142, 255], [114, 248], [96, 244], [102, 230], [71, 224], [84, 184], [113, 190], [107, 209], [124, 212], [126, 213], [121, 230], [148, 236]], "used": false}, {"class_name": "polygon", "pointlist": [[17, 125], [0, 126], [0, 115], [15, 114], [17, 125]], "used": false}, {"class_name": "polygon", "pointlist": [[192, 0], [191, 9], [163, 9], [163, 24], [136, 23], [137, 0], [192, 0]], "used": false}, {"class_name": "polygon", "pointlist": [[55, 131], [56, 148], [35, 149], [36, 161], [57, 160], [59, 176], [25, 177], [24, 165], [9, 165], [7, 133], [7, 131], [11, 131], [53, 130], [55, 130], [55, 131]], "used": false}]