[{"class_name": "polygon", "pointlist": [[255, 131], [253, 131], [253, 100], [246, 100], [246, 73], [255, 73], [255, 131]], "used": false}, {"class_name": "polygon", "pointlist": [[3, 164], [3, 125], [56, 125], [56, 180], [9, 180], [9, 164], [3, 164]], "used": false}, {"class_name": "polygon", "pointlist": [[72, 32], [16, 34], [16, 6], [22, 5], [22, 0], [71, 0], [72, 32]], "used": false}, {"class_name": "polygon", "pointlist": [[158, 255], [156, 241], [173, 238], [172, 231], [204, 227], [207, 255], [158, 255]], "used": false}, {"class_name": "polygon", "pointlist": [[216, 255], [214, 235], [255, 229], [255, 255], [216, 255]], "used": false}, {"class_name": "polygon", "pointlist": [[153, 70], [108, 70], [108, 15], [149, 15], [149, 34], [140, 34], [140, 46], [140, 47], [153, 47], [153, 70]], "used": false}, {"class_name": "polygon", "pointlist": [[168, 112], [154, 113], [154, 123], [154, 125], [164, 125], [165, 144], [109, 146], [108, 90], [167, 88], [168, 112]], "used": false}, {"class_name": "polygon", "pointlist": [[59, 109], [5, 111], [4, 67], [10, 67], [10, 54], [58, 52], [59, 109]], "used": false}]