[{"class_name": "polygon", "pointlist": [[122, 0], [122, 64], [136, 64], [136, 0], [122, 0]], "used": false}, {"class_name": "polygon", "pointlist": [[54, 480], [40, 480], [42, 440], [0, 438], [0, 510], [54, 510], [54, 480]], "used": false}, {"class_name": "polygon", "pointlist": [[132, 110], [118, 110], [120, 150], [132, 148], [132, 110]], "used": false}, {"class_name": "polygon", "pointlist": [[510, 500], [424, 498], [424, 510], [510, 510], [510, 500]], "used": false}, {"class_name": "polygon", "pointlist": [[316, 50], [306, 38], [310, 30], [286, 0], [234, 0], [184, 70], [238, 130], [266, 90], [278, 104], [316, 50]], "used": false}, {"class_name": "polygon", "pointlist": [[110, 88], [98, 88], [98, 72], [94, 72], [46, 72], [46, 94], [0, 94], [0, 186], [38, 186], [38, 166], [96, 166], [96, 162], [98, 162], [98, 116], [110, 116], [110, 88]], "used": false}, {"class_name": "polygon", "pointlist": [[472, 12], [466, 12], [466, 54], [452, 54], [436, 64], [436, 98], [452, 110], [466, 110], [472, 110], [472, 150], [510, 150], [510, 8], [472, 8], [472, 12]], "used": false}, {"class_name": "polygon", "pointlist": [[178, 484], [178, 510], [342, 510], [342, 486], [178, 484]], "used": false}]