[{"class_name": "polygon", "pointlist": [[64, 350], [64, 334], [52, 332], [52, 348], [64, 350]], "used": false}, {"class_name": "polygon", "pointlist": [[286, 510], [274, 468], [250, 450], [238, 444], [214, 428], [200, 460], [130, 486], [132, 494], [122, 510], [286, 510]], "used": false}, {"class_name": "polygon", "pointlist": [[372, 2], [372, 0], [320, 0], [320, 4], [372, 2]], "used": false}, {"class_name": "polygon", "pointlist": [[354, 66], [354, 20], [300, 20], [300, 68], [354, 66]], "used": false}]