[{"class_name": "polygon", "pointlist": [[29, 137], [34, 137], [34, 118], [49, 118], [49, 126], [55, 126], [55, 120], [60, 120], [60, 126], [62, 126], [62, 119], [90, 119], [90, 126], [97, 126], [97, 119], [125, 119], [125, 127], [128, 127], [128, 119], [134, 119], [134, 126], [137, 126], [137, 119], [154, 119], [154, 137], [157, 137], [157, 174], [154, 174], [154, 192], [137, 191], [137, 183], [134, 183], [134, 189], [128, 189], [128, 183], [128, 183], [128, 183], [124, 183], [124, 191], [98, 191], [98, 183], [89, 183], [89, 191], [63, 191], [63, 183], [60, 183], [60, 189], [54, 189], [54, 183], [49, 183], [49, 190], [33, 190], [33, 173], [28, 173], [29, 137]], "used": false}, {"class_name": "polygon", "pointlist": [[20, 28], [55, 29], [54, 43], [57, 43], [57, 56], [54, 56], [26, 55], [26, 44], [25, 44], [26, 39], [20, 39], [20, 28]], "used": false}, {"class_name": "polygon", "pointlist": [[247, 68], [255, 69], [255, 93], [253, 93], [253, 86], [247, 86], [247, 68]], "used": false}, {"class_name": "polygon", "pointlist": [[218, 208], [255, 208], [255, 234], [218, 234], [218, 208]], "used": false}, {"class_name": "polygon", "pointlist": [[8, 190], [7, 114], [20, 114], [21, 190], [8, 190]], "used": false}, {"class_name": "polygon", "pointlist": [[156, 0], [156, 8], [112, 5], [112, -1], [156, 0]], "used": false}, {"class_name": "polygon", "pointlist": [[94, 254], [154, 255], [154, 255], [94, 255], [94, 254]], "used": false}, {"class_name": "polygon", "pointlist": [[171, 135], [175, 135], [175, 131], [175, 116], [197, 116], [197, 131], [211, 131], [211, 116], [238, 116], [238, 131], [238, 131], [247, 131], [247, 116], [255, 116], [255, 194], [246, 194], [246, 181], [238, 181], [238, 194], [212, 194], [212, 181], [211, 181], [197, 181], [197, 194], [175, 194], [175, 177], [171, 177], [171, 135]], "used": false}, {"class_name": "polygon", "pointlist": [[38, 227], [38, 212], [115, 212], [114, 227], [38, 227]], "used": false}, {"class_name": "polygon", "pointlist": [[255, 4], [247, 4], [247, 0], [255, 0], [255, 4]], "used": false}, {"class_name": "polygon", "pointlist": [[152, 67], [152, 91], [98, 93], [97, 59], [131, 58], [131, 68], [152, 67]], "used": false}, {"class_name": "polygon", "pointlist": [[123, 227], [123, 212], [152, 212], [152, 227], [123, 227]], "used": false}, {"class_name": "polygon", "pointlist": [[15, 9], [20, 9], [20, 3], [21, 3], [21, -1], [53, -1], [53, 7], [49, 7], [50, 8], [49, 8], [50, 21], [22, 22], [15, 22], [15, 9]], "used": false}, {"class_name": "polygon", "pointlist": [[20, 61], [53, 62], [53, 90], [23, 89], [23, 79], [20, 79], [20, 61]], "used": false}, {"class_name": "polygon", "pointlist": [[247, 20], [255, 20], [255, 14], [255, 14], [255, 37], [247, 37], [247, 20]], "used": false}, {"class_name": "polygon", "pointlist": [[90, 13], [98, 13], [98, 9], [151, 11], [150, 49], [97, 47], [97, 44], [90, 44], [90, 13]], "used": false}, {"class_name": "polygon", "pointlist": [[177, 227], [177, 212], [208, 212], [208, 227], [177, 227]], "used": false}]