[{"class_name": "polygon", "pointlist": [[219, 201], [219, 166], [235, 166], [235, 169], [249, 168], [249, 201], [219, 201]], "used": false}, {"class_name": "polygon", "pointlist": [[56, 0], [56, 0], [38, 0], [38, 0], [56, 0]], "used": false}, {"class_name": "polygon", "pointlist": [[237, 103], [231, 103], [230, 90], [237, 89], [236, 83], [255, 83], [255, 136], [238, 136], [237, 103]], "used": false}, {"class_name": "polygon", "pointlist": [[107, 133], [85, 132], [85, 77], [85, 72], [102, 73], [102, 77], [108, 77], [107, 133]], "used": false}, {"class_name": "polygon", "pointlist": [[0, 195], [19, 218], [9, 231], [0, 222], [0, 195]], "used": false}, {"class_name": "polygon", "pointlist": [[25, 151], [55, 189], [42, 205], [12, 167], [25, 151]], "used": false}, {"class_name": "polygon", "pointlist": [[183, 45], [167, 46], [168, -1], [189, -1], [189, 38], [183, 38], [183, 45]], "used": false}, {"class_name": "polygon", "pointlist": [[146, 88], [146, 79], [159, 79], [159, 88], [166, 87], [166, 135], [146, 135], [146, 88]], "used": false}, {"class_name": "polygon", "pointlist": [[0, 242], [12, 255], [0, 255], [0, 242]], "used": false}, {"class_name": "polygon", "pointlist": [[9, 0], [10, 40], [0, 40], [0, 0], [9, 0]], "used": false}, {"class_name": "polygon", "pointlist": [[255, 90], [255, 89], [255, 89], [255, 90]], "used": false}, {"class_name": "polygon", "pointlist": [[171, 87], [170, 72], [184, 72], [185, 84], [191, 84], [191, 136], [172, 136], [172, 86], [171, 87]], "used": false}, {"class_name": "polygon", "pointlist": [[0, 68], [3, 72], [0, 75], [0, 68]], "used": false}, {"class_name": "polygon", "pointlist": [[157, 201], [156, 169], [156, 169], [156, 166], [172, 166], [172, 169], [186, 168], [186, 200], [157, 201]], "used": false}, {"class_name": "polygon", "pointlist": [[122, 169], [122, 166], [137, 166], [137, 169], [151, 169], [151, 200], [122, 200], [122, 169]], "used": false}, {"class_name": "polygon", "pointlist": [[116, 193], [110, 193], [110, 201], [94, 201], [94, 194], [96, 194], [96, 143], [115, 143], [116, 193]], "used": false}, {"class_name": "polygon", "pointlist": [[255, 24], [254, 24], [254, -1], [255, -1], [255, 24]], "used": false}, {"class_name": "polygon", "pointlist": [[187, 165], [205, 164], [205, 167], [218, 167], [218, 199], [189, 200], [187, 165]], "used": false}, {"class_name": "polygon", "pointlist": [[255, 197], [253, 197], [253, 164], [253, 161], [255, 161], [255, 197]], "used": false}, {"class_name": "polygon", "pointlist": [[114, 79], [114, 73], [139, 73], [139, 79], [143, 79], [143, 113], [114, 113], [114, 79]], "used": false}, {"class_name": "polygon", "pointlist": [[246, 27], [227, 27], [227, -1], [246, -1], [246, 27]], "used": false}, {"class_name": "polygon", "pointlist": [[135, 18], [135, 42], [96, 42], [96, 18], [135, 18]], "used": false}, {"class_name": "polygon", "pointlist": [[160, 38], [159, 38], [159, 46], [142, 46], [142, -1], [160, -1], [160, 38]], "used": false}, {"class_name": "polygon", "pointlist": [[115, 0], [115, 4], [89, 5], [89, 0], [115, 0]], "used": false}]