[{"class_name": "polygon", "pointlist": [[0, 202], [43, 201], [44, 249], [29, 249], [29, 255], [11, 255], [11, 249], [0, 249], [0, 202]], "used": false}, {"class_name": "polygon", "pointlist": [[0, 80], [4, 80], [4, 74], [21, 74], [20, 89], [35, 90], [34, 131], [0, 129], [0, 80]], "used": false}, {"class_name": "polygon", "pointlist": [[240, 0], [240, 6], [219, 7], [219, 0], [240, 0]], "used": false}, {"class_name": "polygon", "pointlist": [[159, 0], [159, 3], [131, 4], [131, 0], [159, 0]], "used": false}, {"class_name": "polygon", "pointlist": [[118, 115], [121, 115], [121, 108], [129, 108], [129, 91], [147, 91], [147, 100], [160, 100], [160, 113], [161, 113], [164, 113], [164, 125], [161, 125], [157, 125], [157, 148], [125, 148], [125, 146], [118, 146], [118, 115]], "used": false}, {"class_name": "polygon", "pointlist": [[199, 0], [199, 9], [166, 9], [166, 0], [199, 0]], "used": false}, {"class_name": "polygon", "pointlist": [[85, 0], [64, 6], [63, 0], [85, 0]], "used": false}, {"class_name": "polygon", "pointlist": [[114, 155], [161, 155], [161, 176], [166, 176], [166, 188], [163, 188], [163, 200], [153, 200], [153, 207], [133, 207], [133, 194], [117, 194], [117, 188], [114, 188], [114, 155]], "used": false}, {"class_name": "polygon", "pointlist": [[178, 246], [178, 255], [135, 255], [135, 243], [118, 243], [118, 218], [135, 218], [169, 218], [169, 246], [178, 246]], "used": false}, {"class_name": "polygon", "pointlist": [[207, 248], [210, 248], [210, 228], [251, 228], [251, 255], [207, 255], [207, 248]], "used": false}, {"class_name": "polygon", "pointlist": [[35, 0], [52, 15], [32, 50], [10, 31], [5, 38], [0, 33], [0, 26], [1, 23], [0, 21], [0, 0], [35, 0]], "used": false}, {"class_name": "polygon", "pointlist": [[208, 110], [212, 110], [212, 96], [230, 96], [230, 110], [255, 110], [255, 143], [212, 143], [212, 123], [208, 123], [208, 110]], "used": false}, {"class_name": "polygon", "pointlist": [[205, 177], [208, 177], [208, 157], [208, 152], [255, 152], [255, 192], [242, 192], [242, 206], [225, 206], [225, 199], [211, 199], [211, 189], [208, 189], [205, 189], [205, 177]], "used": false}, {"class_name": "polygon", "pointlist": [[167, 104], [167, 96], [172, 92], [177, 95], [177, 102], [172, 107], [167, 104]], "used": false}, {"class_name": "polygon", "pointlist": [[0, 148], [11, 148], [11, 137], [28, 137], [28, 154], [44, 154], [44, 194], [0, 194], [0, 148]], "used": false}]