[{"class_name": "polygon", "pointlist": [[78, 100], [78, 119], [108, 119], [108, 148], [55, 148], [55, 100], [78, 100]], "used": false}, {"class_name": "polygon", "pointlist": [[255, 164], [246, 164], [246, 147], [255, 147], [255, 164]], "used": false}, {"class_name": "polygon", "pointlist": [[255, 201], [251, 201], [251, 191], [255, 191], [255, 201]], "used": false}, {"class_name": "polygon", "pointlist": [[107, 210], [107, 254], [81, 254], [81, 236], [53, 236], [53, 210], [107, 210]], "used": false}, {"class_name": "polygon", "pointlist": [[252, 209], [252, 238], [255, 238], [255, 248], [252, 248], [252, 252], [196, 252], [196, 230], [201, 230], [201, 212], [221, 212], [221, 209], [252, 209]], "used": false}, {"class_name": "polygon", "pointlist": [[10, 0], [11, 13], [0, 13], [0, 0], [10, 0]], "used": false}, {"class_name": "polygon", "pointlist": [[55, 174], [45, 174], [45, 161], [55, 161], [55, 174]], "used": false}, {"class_name": "polygon", "pointlist": [[231, 149], [231, 177], [247, 177], [247, 195], [199, 195], [182, 194], [182, 186], [199, 186], [199, 149], [231, 149]], "used": false}, {"class_name": "polygon", "pointlist": [[255, 22], [202, 22], [203, 0], [215, 0], [224, 0], [224, 0], [255, 0], [255, 22]], "used": false}, {"class_name": "polygon", "pointlist": [[253, 96], [253, 140], [223, 140], [223, 117], [199, 117], [199, 96], [253, 96]], "used": false}, {"class_name": "polygon", "pointlist": [[39, 253], [0, 253], [0, 205], [39, 205], [39, 253]], "used": false}, {"class_name": "polygon", "pointlist": [[75, 0], [75, 9], [85, 9], [85, 22], [61, 22], [61, 20], [51, 20], [52, 0], [75, 0]], "used": false}, {"class_name": "polygon", "pointlist": [[116, 229], [116, 239], [109, 239], [110, 229], [116, 229]], "used": false}, {"class_name": "polygon", "pointlist": [[39, 120], [0, 123], [0, 98], [11, 97], [10, 94], [37, 93], [39, 120]], "used": false}]