[{"class_name": "polygon", "pointlist": [[0, 3], [4, 0], [9, 0], [21, 21], [0, 40], [0, 3]], "used": false}, {"class_name": "polygon", "pointlist": [[136, 189], [76, 247], [57, 215], [94, 179], [90, 174], [113, 153], [136, 189]], "used": false}, {"class_name": "polygon", "pointlist": [[255, 144], [247, 129], [255, 119], [255, 143], [255, 144]], "used": false}, {"class_name": "polygon", "pointlist": [[236, 79], [225, 88], [233, 101], [200, 132], [193, 120], [176, 136], [153, 96], [169, 80], [171, 84], [176, 79], [179, 84], [195, 69], [190, 61], [213, 40], [236, 79]], "used": false}, {"class_name": "polygon", "pointlist": [[61, 0], [48, 12], [49, 15], [38, 26], [32, 17], [28, 20], [15, 0], [61, 0]], "used": false}, {"class_name": "polygon", "pointlist": [[255, 84], [225, 30], [255, 2], [255, 84]], "used": false}, {"class_name": "polygon", "pointlist": [[237, 255], [237, 255], [241, 251], [245, 255], [237, 255]], "used": false}, {"class_name": "polygon", "pointlist": [[164, 234], [155, 219], [165, 212], [173, 225], [164, 234]], "used": false}]