[{"class_name": "polygon", "pointlist": [[3, 108], [-1, 108], [-1, 83], [4, 83], [4, 84], [27, 85], [28, 131], [4, 131], [3, 108]], "used": false}, {"class_name": "polygon", "pointlist": [[38, 57], [38, 52], [46, 52], [46, 57], [38, 57]], "used": false}, {"class_name": "polygon", "pointlist": [[36, 127], [36, 80], [84, 80], [84, 104], [84, 107], [82, 107], [69, 106], [69, 104], [60, 104], [60, 127], [36, 127]], "used": false}, {"class_name": "polygon", "pointlist": [[43, 255], [43, 254], [75, 253], [75, 255], [43, 255]], "used": false}, {"class_name": "polygon", "pointlist": [[78, 56], [92, 56], [92, 67], [78, 68], [78, 56]], "used": false}, {"class_name": "polygon", "pointlist": [[155, 129], [193, 79], [234, 99], [225, 111], [228, 112], [208, 139], [193, 131], [195, 130], [187, 125], [177, 139], [155, 129]], "used": false}, {"class_name": "polygon", "pointlist": [[210, 215], [242, 214], [243, 254], [186, 255], [186, 234], [210, 233], [210, 215]], "used": false}, {"class_name": "polygon", "pointlist": [[37, 248], [36, 228], [26, 228], [25, 207], [74, 205], [75, 220], [71, 220], [71, 226], [94, 225], [95, 246], [37, 248]], "used": false}, {"class_name": "polygon", "pointlist": [[195, 207], [195, 187], [215, 187], [215, 166], [245, 165], [246, 188], [255, 187], [255, 206], [195, 207]], "used": false}, {"class_name": "polygon", "pointlist": [[138, 102], [131, 97], [129, 101], [116, 95], [135, 67], [177, 86], [148, 126], [128, 117], [138, 102]], "used": false}]