[{"class_name": "polygon", "pointlist": [[249, 29], [250, 32], [255, 32], [255, 69], [242, 69], [232, 69], [233, 84], [219, 84], [218, 70], [217, 30], [249, 29]], "used": false}, {"class_name": "polygon", "pointlist": [[108, 38], [108, 41], [130, 39], [134, 77], [112, 78], [75, 80], [72, 41], [108, 38]], "used": false}, {"class_name": "polygon", "pointlist": [[67, 121], [67, 123], [81, 122], [85, 160], [60, 162], [61, 173], [38, 176], [34, 176], [32, 156], [36, 156], [32, 126], [53, 124], [52, 122], [67, 121]], "used": false}, {"class_name": "polygon", "pointlist": [[0, 154], [3, 152], [17, 165], [20, 169], [11, 175], [14, 177], [0, 187], [0, 154]], "used": false}, {"class_name": "polygon", "pointlist": [[255, 162], [239, 163], [236, 163], [236, 153], [239, 153], [238, 129], [248, 129], [247, 125], [255, 125], [255, 162]], "used": false}, {"class_name": "polygon", "pointlist": [[137, 132], [137, 136], [157, 136], [158, 177], [124, 177], [124, 172], [105, 173], [103, 137], [116, 137], [116, 133], [137, 132]], "used": false}, {"class_name": "polygon", "pointlist": [[172, 76], [172, 79], [154, 79], [154, 76], [143, 76], [142, 47], [156, 46], [156, 41], [168, 41], [168, 32], [189, 31], [205, 31], [206, 48], [190, 48], [191, 75], [172, 76]], "used": false}, {"class_name": "polygon", "pointlist": [[224, 128], [224, 136], [230, 136], [230, 150], [224, 150], [224, 165], [201, 165], [201, 178], [176, 179], [173, 179], [173, 157], [176, 157], [175, 128], [195, 128], [195, 126], [224, 126], [224, 128]], "used": false}, {"class_name": "polygon", "pointlist": [[55, 91], [56, 102], [34, 104], [33, 92], [9, 94], [8, 67], [34, 65], [32, 53], [52, 51], [60, 51], [61, 73], [54, 73], [55, 91]], "used": false}]