[{"class_name": "polygon", "pointlist": [[97, 230], [59, 230], [59, 247], [59, 255], [125, 255], [125, 247], [97, 247], [97, 230]], "used": false}, {"class_name": "polygon", "pointlist": [[0, 43], [10, 44], [13, 0], [0, 0], [0, 43]], "used": false}, {"class_name": "polygon", "pointlist": [[37, 255], [37, 230], [9, 230], [9, 228], [0, 228], [0, 255], [37, 255]], "used": false}, {"class_name": "polygon", "pointlist": [[186, 255], [186, 247], [194, 247], [194, 245], [194, 241], [194, 241], [194, 228], [160, 228], [160, 241], [151, 241], [151, 245], [134, 245], [134, 255], [186, 255]], "used": false}, {"class_name": "polygon", "pointlist": [[237, 0], [234, 41], [255, 42], [255, 0], [237, 0]], "used": false}, {"class_name": "polygon", "pointlist": [[193, 147], [193, 113], [200, 113], [200, 112], [200, 98], [160, 98], [160, 112], [133, 112], [133, 147], [193, 147]], "used": false}, {"class_name": "polygon", "pointlist": [[55, 91], [0, 91], [0, 140], [20, 140], [20, 152], [55, 152], [55, 140], [55, 140], [55, 91]], "used": false}, {"class_name": "polygon", "pointlist": [[253, 234], [215, 234], [215, 249], [215, 249], [215, 255], [255, 255], [255, 249], [253, 249], [253, 234]], "used": false}, {"class_name": "polygon", "pointlist": [[102, 151], [102, 137], [125, 137], [125, 110], [76, 110], [76, 137], [66, 137], [66, 150], [76, 150], [76, 151], [102, 151]], "used": false}, {"class_name": "polygon", "pointlist": [[255, 109], [214, 109], [214, 143], [214, 150], [249, 150], [249, 143], [255, 143], [255, 109]], "used": false}, {"class_name": "polygon", "pointlist": [[43, 0], [39, 43], [102, 46], [106, 0], [43, 0]], "used": false}, {"class_name": "polygon", "pointlist": [[139, 0], [137, 44], [201, 46], [203, 0], [139, 0]], "used": false}]