[{"class_name": "polygon", "pointlist": [[249, 166], [238, 166], [238, 160], [249, 160], [249, 166]], "used": false}, {"class_name": "polygon", "pointlist": [[216, 108], [216, 112], [227, 111], [229, 142], [239, 141], [240, 152], [230, 153], [230, 156], [163, 159], [161, 131], [177, 131], [177, 118], [184, 118], [183, 110], [216, 108]], "used": false}, {"class_name": "polygon", "pointlist": [[230, 218], [238, 255], [177, 255], [186, 254], [192, 253], [190, 244], [184, 245], [182, 233], [188, 232], [186, 225], [230, 218]], "used": false}, {"class_name": "polygon", "pointlist": [[38, 0], [38, 2], [50, 2], [51, 9], [55, 9], [56, 21], [1, 23], [0, 0], [38, 0]], "used": false}, {"class_name": "polygon", "pointlist": [[53, 221], [54, 236], [77, 236], [77, 250], [7, 252], [4, 202], [75, 201], [76, 220], [53, 221]], "used": false}, {"class_name": "polygon", "pointlist": [[255, 146], [255, 146], [253, 118], [255, 118], [255, 146]], "used": false}, {"class_name": "polygon", "pointlist": [[236, 164], [238, 212], [188, 214], [187, 186], [164, 187], [163, 166], [236, 164]], "used": false}, {"class_name": "polygon", "pointlist": [[68, 133], [0, 137], [0, 109], [0, 109], [0, 108], [0, 104], [66, 101], [68, 133]], "used": false}, {"class_name": "polygon", "pointlist": [[255, 37], [247, 36], [247, 0], [255, 0], [255, 37]], "used": false}, {"class_name": "polygon", "pointlist": [[49, 144], [49, 153], [54, 152], [55, 164], [72, 163], [73, 189], [8, 192], [5, 146], [49, 144]], "used": false}, {"class_name": "polygon", "pointlist": [[39, 61], [0, 63], [0, 31], [63, 28], [64, 48], [38, 49], [39, 61]], "used": false}, {"class_name": "polygon", "pointlist": [[225, 0], [224, 36], [199, 35], [199, 22], [184, 21], [183, 35], [164, 34], [165, 0], [225, 0]], "used": false}]