[{"class_name": "polygon", "pointlist": [[198, 192], [198, 207], [172, 207], [172, 192], [166, 192], [166, 163], [219, 163], [219, 192], [198, 192]], "used": false}, {"class_name": "polygon", "pointlist": [[53, 229], [32, 229], [32, 214], [53, 214], [53, 229]], "used": false}, {"class_name": "polygon", "pointlist": [[167, 246], [167, 249], [190, 249], [190, 255], [125, 255], [125, 246], [167, 246]], "used": false}, {"class_name": "polygon", "pointlist": [[255, 239], [254, 239], [254, 229], [255, 229], [255, 239]], "used": false}, {"class_name": "polygon", "pointlist": [[30, 181], [7, 181], [7, 164], [30, 164], [30, 181]], "used": false}, {"class_name": "polygon", "pointlist": [[52, 241], [39, 241], [39, 233], [52, 233], [52, 241]], "used": false}, {"class_name": "polygon", "pointlist": [[3, 155], [3, 184], [16, 184], [16, 208], [0, 208], [0, 155], [3, 155]], "used": false}, {"class_name": "polygon", "pointlist": [[117, 247], [117, 255], [61, 255], [61, 251], [70, 251], [70, 247], [117, 247]], "used": false}, {"class_name": "polygon", "pointlist": [[19, 255], [19, 252], [49, 252], [49, 255], [19, 255]], "used": false}, {"class_name": "polygon", "pointlist": [[0, 29], [21, 29], [21, 60], [0, 60], [0, 29]], "used": false}, {"class_name": "polygon", "pointlist": [[255, 207], [230, 207], [230, 163], [255, 163], [255, 207]], "used": false}, {"class_name": "polygon", "pointlist": [[61, 191], [61, 207], [51, 207], [51, 191], [36, 191], [36, 163], [90, 163], [90, 191], [61, 191]], "used": false}, {"class_name": "polygon", "pointlist": [[5, 253], [0, 253], [0, 231], [5, 231], [5, 253]], "used": false}, {"class_name": "polygon", "pointlist": [[230, 246], [230, 248], [246, 248], [246, 251], [255, 251], [255, 255], [200, 255], [200, 251], [214, 251], [214, 248], [214, 246], [230, 246]], "used": false}, {"class_name": "polygon", "pointlist": [[145, 43], [145, 47], [171, 47], [171, 54], [180, 54], [180, 78], [134, 78], [134, 43], [145, 43]], "used": false}, {"class_name": "polygon", "pointlist": [[76, 66], [76, 72], [64, 72], [64, 66], [57, 66], [57, 55], [57, 21], [107, 21], [107, 55], [84, 55], [84, 66], [76, 66]], "used": false}, {"class_name": "polygon", "pointlist": [[221, 28], [221, 35], [236, 35], [236, 41], [246, 41], [246, 65], [255, 65], [255, 83], [195, 83], [195, 28], [221, 28]], "used": false}, {"class_name": "polygon", "pointlist": [[145, 201], [102, 201], [102, 175], [126, 175], [126, 171], [131, 171], [131, 163], [154, 163], [154, 179], [145, 179], [145, 201]], "used": false}, {"class_name": "polygon", "pointlist": [[140, 33], [117, 33], [117, 11], [140, 11], [140, 33]], "used": false}]