[{"class_name": "polygon", "pointlist": [[28, 215], [32, 216], [30, 232], [26, 232], [0, 228], [0, 179], [2, 163], [26, 167], [26, 177], [35, 178], [34, 191], [39, 192], [38, 202], [32, 201], [32, 202], [29, 201], [28, 215]], "used": false}, {"class_name": "polygon", "pointlist": [[21, 0], [23, 7], [0, 19], [0, 0], [21, 0]], "used": false}, {"class_name": "polygon", "pointlist": [[138, 238], [106, 233], [110, 189], [113, 189], [114, 178], [157, 185], [154, 218], [149, 217], [148, 230], [139, 229], [138, 238]], "used": false}, {"class_name": "polygon", "pointlist": [[159, -1], [160, 7], [150, 10], [152, 20], [113, 32], [106, 0], [159, -1]], "used": false}, {"class_name": "polygon", "pointlist": [[0, 244], [20, 245], [20, 255], [0, 255], [0, 244]], "used": false}, {"class_name": "polygon", "pointlist": [[170, 98], [127, 100], [126, 87], [119, 88], [119, 67], [127, 67], [126, 46], [152, 45], [152, 53], [161, 52], [162, 64], [169, 63], [170, 98]], "used": false}, {"class_name": "polygon", "pointlist": [[44, 55], [39, 55], [43, 78], [12, 84], [10, 77], [3, 79], [0, 67], [0, 33], [35, 25], [36, 36], [40, 35], [44, 55]], "used": false}, {"class_name": "polygon", "pointlist": [[150, 170], [114, 164], [115, 154], [113, 154], [113, 153], [110, 153], [114, 114], [128, 117], [128, 113], [160, 119], [157, 159], [151, 158], [150, 170]], "used": false}, {"class_name": "polygon", "pointlist": [[105, 255], [105, 252], [148, 248], [149, 255], [105, 255]], "used": false}]