[{"class_name": "polygon", "pointlist": [[86, 255], [86, 253], [84, 253], [67, 254], [67, 239], [83, 239], [86, 239], [85, 228], [103, 227], [103, 233], [119, 233], [119, 255], [86, 255]], "used": false}, {"class_name": "polygon", "pointlist": [[39, 150], [39, 148], [17, 148], [17, 135], [0, 135], [-1, 119], [26, 119], [26, 107], [51, 107], [51, 127], [51, 143], [51, 150], [39, 150]], "used": false}, {"class_name": "polygon", "pointlist": [[128, 235], [140, 234], [141, 241], [129, 241], [128, 235]], "used": false}, {"class_name": "polygon", "pointlist": [[253, 255], [253, 242], [255, 242], [255, 255], [253, 255]], "used": false}, {"class_name": "polygon", "pointlist": [[131, 230], [131, 201], [148, 202], [148, 203], [162, 203], [162, 207], [181, 207], [181, 222], [162, 222], [162, 230], [148, 230], [131, 230]], "used": false}, {"class_name": "polygon", "pointlist": [[162, 255], [162, 241], [177, 241], [177, 233], [195, 233], [195, 226], [210, 226], [209, 255], [162, 255]], "used": false}, {"class_name": "polygon", "pointlist": [[222, 70], [230, -1], [254, -1], [255, 0], [255, 72], [246, 71], [222, 70]], "used": false}, {"class_name": "polygon", "pointlist": [[146, 53], [147, 0], [215, 0], [214, 54], [189, 54], [171, 53], [146, 53]], "used": false}, {"class_name": "polygon", "pointlist": [[222, 236], [222, 205], [237, 204], [237, 205], [254, 205], [254, 207], [255, 207], [255, 224], [254, 224], [254, 231], [237, 231], [237, 236], [222, 236]], "used": false}, {"class_name": "polygon", "pointlist": [[40, 241], [39, 199], [56, 198], [56, 202], [71, 202], [71, 205], [88, 204], [89, 220], [71, 221], [71, 229], [56, 229], [56, 241], [40, 241]], "used": false}, {"class_name": "polygon", "pointlist": [[55, 0], [61, 67], [-1, 71], [-1, 0], [55, 0]], "used": false}, {"class_name": "polygon", "pointlist": [[93, 150], [93, 148], [68, 148], [68, 142], [53, 142], [53, 127], [68, 127], [68, 120], [80, 120], [80, 108], [102, 108], [102, 148], [99, 148], [99, 150], [93, 150]], "used": false}, {"class_name": "polygon", "pointlist": [[175, 153], [175, 149], [172, 149], [172, 144], [156, 144], [156, 129], [172, 129], [172, 109], [204, 109], [204, 150], [183, 150], [183, 153], [175, 153]], "used": false}, {"class_name": "polygon", "pointlist": [[130, 0], [137, 69], [113, 71], [93, 73], [70, 73], [63, 0], [130, 0]], "used": false}, {"class_name": "polygon", "pointlist": [[246, 153], [246, 150], [223, 151], [223, 145], [205, 145], [205, 129], [224, 129], [224, 109], [255, 108], [255, 114], [255, 150], [253, 150], [253, 153], [246, 153]], "used": false}, {"class_name": "polygon", "pointlist": [[124, 151], [124, 148], [119, 148], [119, 143], [103, 143], [103, 127], [121, 127], [121, 108], [154, 108], [154, 128], [154, 129], [154, 144], [154, 148], [131, 148], [131, 151], [124, 151]], "used": false}]