[{"class_name": "polygon", "pointlist": [[97, 246], [97, 237], [110, 237], [110, 246], [97, 246]], "used": false}, {"class_name": "polygon", "pointlist": [[169, 95], [154, 94], [154, 115], [123, 113], [124, 92], [11, 84], [13, 55], [6, 55], [9, 3], [15, 3], [86, 8], [86, 11], [85, 28], [161, 33], [160, 55], [171, 56], [169, 95]], "used": false}, {"class_name": "polygon", "pointlist": [[230, 183], [207, 181], [207, 194], [193, 193], [194, 180], [181, 179], [184, 88], [174, 87], [176, 41], [186, 41], [187, 0], [237, 0], [230, 183]], "used": false}]