[{"class_name": "polygon", "pointlist": [[195, 15], [215, 15], [215, 5], [214, 5], [214, 0], [247, 0], [247, 1], [253, 1], [253, 15], [253, 39], [195, 39], [195, 15]], "used": false}, {"class_name": "polygon", "pointlist": [[0, 8], [7, 8], [7, 42], [0, 42], [0, 8]], "used": false}, {"class_name": "polygon", "pointlist": [[107, 2], [121, 2], [121, 26], [107, 26], [107, 33], [109, 33], [109, 42], [107, 42], [107, 49], [75, 48], [75, 2], [107, 2]], "used": false}, {"class_name": "polygon", "pointlist": [[113, 91], [113, 111], [94, 111], [61, 111], [61, 63], [94, 63], [94, 91], [113, 91]], "used": false}, {"class_name": "polygon", "pointlist": [[211, 161], [236, 161], [236, 151], [231, 151], [231, 135], [236, 135], [255, 135], [255, 185], [235, 185], [235, 193], [221, 193], [221, 185], [211, 185], [211, 161]], "used": false}, {"class_name": "polygon", "pointlist": [[253, 93], [253, 108], [218, 108], [218, 82], [196, 82], [196, 59], [248, 59], [248, 82], [248, 93], [253, 93]], "used": false}, {"class_name": "polygon", "pointlist": [[125, 224], [183, 224], [183, 241], [181, 241], [181, 255], [125, 255], [125, 224]], "used": false}, {"class_name": "polygon", "pointlist": [[39, 131], [104, 131], [104, 154], [82, 154], [82, 177], [82, 181], [48, 181], [48, 177], [39, 177], [39, 131]], "used": false}, {"class_name": "polygon", "pointlist": [[18, 237], [44, 237], [44, 221], [68, 221], [68, 255], [18, 255], [18, 237]], "used": false}]