[{"class_name": "polygon", "pointlist": [[0, 223], [4, 223], [4, 218], [11, 218], [11, 213], [36, 214], [35, 218], [38, 218], [37, 253], [0, 252], [0, 223]], "used": false}, {"class_name": "polygon", "pointlist": [[81, 61], [81, 53], [72, 53], [73, 17], [79, 17], [79, 13], [104, 13], [104, 17], [113, 17], [113, 54], [104, 54], [104, 61], [81, 61]], "used": false}, {"class_name": "polygon", "pointlist": [[186, 58], [186, 54], [186, 52], [174, 52], [174, 20], [174, 14], [212, 15], [212, 20], [214, 20], [214, 55], [197, 54], [197, 58], [186, 58]], "used": false}, {"class_name": "polygon", "pointlist": [[25, 134], [25, 132], [20, 132], [21, 95], [47, 96], [46, 99], [62, 100], [61, 133], [35, 132], [35, 135], [25, 134]], "used": false}, {"class_name": "polygon", "pointlist": [[23, 52], [23, 15], [23, 12], [58, 12], [57, 15], [61, 15], [61, 50], [49, 50], [49, 52], [49, 55], [39, 55], [39, 52], [23, 52]], "used": false}, {"class_name": "polygon", "pointlist": [[222, 20], [222, 18], [248, 17], [248, 20], [247, 27], [255, 27], [255, 55], [221, 55], [222, 20]], "used": false}, {"class_name": "polygon", "pointlist": [[-1, 16], [16, 16], [15, 49], [-1, 49], [-1, 16]], "used": false}, {"class_name": "polygon", "pointlist": [[69, 134], [71, 100], [97, 101], [97, 98], [110, 99], [110, 101], [109, 125], [96, 125], [96, 134], [69, 134]], "used": false}, {"class_name": "polygon", "pointlist": [[119, 60], [119, 15], [143, 15], [143, 26], [164, 26], [164, 60], [143, 60], [119, 60]], "used": false}, {"class_name": "polygon", "pointlist": [[236, 141], [236, 139], [220, 140], [220, 102], [230, 101], [230, 92], [242, 92], [242, 101], [255, 101], [255, 139], [250, 139], [250, 142], [236, 141]], "used": false}, {"class_name": "polygon", "pointlist": [[117, 126], [117, 93], [162, 94], [162, 138], [137, 138], [137, 127], [117, 126]], "used": false}, {"class_name": "polygon", "pointlist": [[-1, 89], [9, 89], [9, 95], [9, 97], [15, 97], [15, 120], [11, 120], [12, 132], [0, 132], [-1, 89]], "used": false}, {"class_name": "polygon", "pointlist": [[166, 255], [166, 214], [181, 214], [181, 218], [206, 218], [206, 255], [166, 255]], "used": false}, {"class_name": "polygon", "pointlist": [[212, 255], [213, 216], [253, 216], [252, 254], [240, 254], [240, 255], [240, 255], [228, 255], [228, 255], [212, 255]], "used": false}, {"class_name": "polygon", "pointlist": [[65, 210], [84, 210], [84, 214], [84, 253], [43, 253], [43, 214], [65, 214], [65, 210]], "used": false}, {"class_name": "polygon", "pointlist": [[196, 101], [196, 92], [207, 92], [207, 101], [210, 101], [210, 137], [172, 137], [171, 103], [192, 103], [192, 101], [196, 101]], "used": false}]