[{"class_name": "polygon", "pointlist": [[450, 510], [450, 500], [382, 500], [382, 510], [450, 510]], "used": false}, {"class_name": "polygon", "pointlist": [[22, 424], [22, 394], [16, 394], [14, 378], [22, 378], [20, 332], [0, 332], [0, 312], [0, 312], [0, 424], [22, 424]], "used": false}, {"class_name": "polygon", "pointlist": [[10, 510], [10, 508], [18, 508], [18, 496], [0, 496], [0, 510], [10, 510]], "used": false}, {"class_name": "polygon", "pointlist": [[18, 56], [0, 56], [0, 162], [18, 162], [18, 56]], "used": false}, {"class_name": "polygon", "pointlist": [[452, 448], [452, 436], [464, 436], [464, 424], [474, 424], [476, 368], [452, 368], [454, 338], [428, 338], [428, 326], [428, 316], [386, 316], [384, 438], [396, 438], [396, 446], [452, 448]], "used": false}, {"class_name": "polygon", "pointlist": [[366, 430], [366, 318], [320, 318], [320, 344], [296, 344], [296, 430], [366, 430]], "used": false}, {"class_name": "polygon", "pointlist": [[254, 164], [254, 130], [272, 130], [274, 42], [246, 42], [246, 62], [212, 62], [210, 164], [254, 164]], "used": false}, {"class_name": "polygon", "pointlist": [[282, 432], [284, 390], [268, 390], [268, 368], [284, 368], [284, 330], [258, 330], [258, 320], [214, 320], [212, 430], [282, 432]], "used": false}, {"class_name": "polygon", "pointlist": [[110, 428], [112, 388], [94, 388], [94, 368], [112, 368], [112, 324], [86, 324], [86, 316], [40, 316], [40, 428], [110, 428]], "used": false}, {"class_name": "polygon", "pointlist": [[428, 168], [428, 158], [446, 158], [446, 130], [472, 130], [474, 106], [446, 106], [448, 64], [440, 64], [442, 38], [402, 38], [402, 64], [384, 64], [382, 168], [428, 168]], "used": false}, {"class_name": "polygon", "pointlist": [[192, 60], [132, 60], [130, 126], [146, 126], [146, 164], [190, 164], [192, 60]], "used": false}, {"class_name": "polygon", "pointlist": [[282, 496], [212, 496], [212, 510], [280, 510], [282, 496]], "used": false}, {"class_name": "polygon", "pointlist": [[330, 82], [296, 82], [296, 136], [314, 136], [314, 166], [358, 168], [360, 88], [330, 88], [330, 82]], "used": false}, {"class_name": "polygon", "pointlist": [[194, 510], [196, 472], [136, 472], [136, 488], [126, 488], [124, 510], [194, 510]], "used": false}, {"class_name": "polygon", "pointlist": [[196, 320], [152, 320], [152, 332], [128, 332], [126, 426], [174, 426], [174, 440], [196, 440], [196, 320]], "used": false}, {"class_name": "polygon", "pointlist": [[82, 162], [82, 156], [100, 156], [100, 58], [40, 58], [40, 162], [82, 162]], "used": false}, {"class_name": "polygon", "pointlist": [[366, 510], [366, 494], [344, 494], [344, 472], [296, 472], [296, 510], [366, 510]], "used": false}]