[{"class_name": "polygon", "pointlist": [[167, 130], [167, 142], [164, 142], [164, 160], [167, 160], [167, 176], [137, 176], [137, 170], [121, 170], [121, 176], [92, 176], [92, 130], [111, 130], [111, 126], [126, 126], [126, 130], [126, 132], [135, 132], [135, 130], [135, 125], [150, 126], [150, 130], [167, 130]], "used": false}, {"class_name": "polygon", "pointlist": [[6, 191], [6, 237], [0, 237], [0, 191], [6, 191]], "used": false}, {"class_name": "polygon", "pointlist": [[255, 31], [251, 31], [251, 0], [255, 0], [255, 31]], "used": false}, {"class_name": "polygon", "pointlist": [[48, 65], [48, 68], [69, 69], [69, 65], [77, 65], [77, 69], [91, 69], [90, 96], [95, 96], [100, 96], [100, 118], [90, 118], [90, 113], [90, 113], [90, 113], [88, 113], [54, 113], [54, 115], [38, 114], [38, 113], [20, 112], [21, 68], [39, 68], [39, 65], [48, 65]], "used": false}, {"class_name": "polygon", "pointlist": [[222, 32], [221, 93], [204, 93], [206, 32], [222, 32]], "used": false}, {"class_name": "polygon", "pointlist": [[78, 166], [78, 181], [0, 181], [0, 166], [78, 166]], "used": false}, {"class_name": "polygon", "pointlist": [[223, 0], [223, 28], [203, 28], [204, 0], [223, 0]], "used": false}, {"class_name": "polygon", "pointlist": [[47, 46], [36, 54], [25, 44], [36, 35], [47, 46]], "used": false}, {"class_name": "polygon", "pointlist": [[59, 197], [70, 197], [70, 193], [74, 193], [74, 189], [105, 189], [105, 203], [109, 203], [109, 215], [105, 215], [105, 223], [108, 223], [108, 236], [105, 236], [105, 245], [60, 245], [60, 248], [46, 248], [46, 245], [36, 245], [36, 248], [24, 248], [24, 236], [20, 236], [20, 224], [24, 224], [24, 216], [20, 216], [20, 202], [24, 202], [24, 189], [56, 189], [56, 193], [59, 193], [59, 197]], "used": false}, {"class_name": "polygon", "pointlist": [[119, 0], [119, 0], [114, 0], [114, 14], [82, 14], [82, 8], [80, 8], [80, 4], [67, 4], [67, 8], [67, 14], [34, 14], [34, 0], [119, 0]], "used": false}, {"class_name": "polygon", "pointlist": [[183, 0], [183, 6], [188, 6], [190, 6], [191, 26], [188, 26], [188, 32], [132, 32], [132, 17], [129, 17], [129, 17], [128, 17], [128, 4], [132, 4], [136, 4], [136, 0], [183, 0]], "used": false}, {"class_name": "polygon", "pointlist": [[77, 143], [0, 143], [0, 127], [77, 127], [77, 143]], "used": false}, {"class_name": "polygon", "pointlist": [[0, 46], [7, 46], [7, 67], [3, 67], [3, 90], [6, 90], [6, 113], [0, 113], [0, 46]], "used": false}, {"class_name": "polygon", "pointlist": [[172, 44], [172, 48], [186, 48], [186, 64], [183, 64], [184, 88], [186, 88], [186, 107], [166, 107], [166, 114], [148, 114], [148, 117], [132, 117], [132, 114], [115, 114], [115, 101], [124, 101], [124, 69], [115, 69], [115, 48], [132, 48], [132, 44], [148, 44], [148, 48], [158, 48], [158, 44], [172, 44]], "used": false}, {"class_name": "polygon", "pointlist": [[16, 0], [16, 9], [19, 9], [19, 28], [0, 28], [0, 0], [16, 0]], "used": false}, {"class_name": "polygon", "pointlist": [[255, 101], [249, 101], [251, 55], [255, 55], [255, 101]], "used": false}, {"class_name": "polygon", "pointlist": [[0, 248], [2, 248], [5, 248], [5, 255], [0, 255], [0, 248]], "used": false}, {"class_name": "polygon", "pointlist": [[255, 178], [245, 177], [206, 177], [206, 161], [201, 161], [201, 148], [207, 148], [210, 148], [210, 143], [207, 143], [202, 143], [202, 130], [207, 130], [207, 113], [255, 114], [255, 178]], "used": false}]