[{"class_name": "polygon", "pointlist": [[63, 255], [63, 224], [80, 224], [79, 238], [114, 238], [114, 255], [63, 255]], "used": false}, {"class_name": "polygon", "pointlist": [[66, 198], [66, 173], [71, 173], [71, 160], [68, 160], [68, 148], [71, 148], [71, 133], [77, 133], [77, 124], [108, 125], [108, 111], [116, 112], [154, 112], [154, 116], [194, 116], [194, 131], [154, 131], [154, 136], [116, 135], [115, 175], [107, 175], [107, 198], [114, 198], [114, 212], [77, 212], [78, 198], [70, 198], [66, 198]], "used": false}, {"class_name": "polygon", "pointlist": [[104, 108], [11, 107], [11, 90], [105, 91], [104, 108]], "used": false}, {"class_name": "polygon", "pointlist": [[255, 68], [253, 68], [253, 49], [255, 49], [255, 68]], "used": false}, {"class_name": "polygon", "pointlist": [[185, 255], [185, 254], [206, 254], [206, 255], [185, 255]], "used": false}, {"class_name": "polygon", "pointlist": [[180, 106], [141, 105], [141, 88], [181, 89], [180, 106]], "used": false}, {"class_name": "polygon", "pointlist": [[182, 79], [65, 79], [64, 46], [182, 47], [182, 79]], "used": false}, {"class_name": "polygon", "pointlist": [[255, 138], [232, 138], [232, 119], [255, 119], [255, 138]], "used": false}, {"class_name": "polygon", "pointlist": [[224, 109], [190, 109], [191, 99], [224, 99], [224, 109]], "used": false}, {"class_name": "polygon", "pointlist": [[201, 73], [201, 86], [192, 86], [192, 73], [201, 73]], "used": false}]