[{"class_name": "polygon", "pointlist": [[142, 0], [142, 3], [155, 2], [157, 28], [157, 30], [174, 29], [176, 61], [179, 61], [181, 80], [114, 83], [111, 31], [115, 31], [113, 0], [142, 0]], "used": false}, {"class_name": "polygon", "pointlist": [[166, 239], [170, 255], [133, 255], [131, 243], [166, 239]], "used": false}, {"class_name": "polygon", "pointlist": [[19, 85], [29, 83], [30, 87], [20, 90], [19, 85]], "used": false}, {"class_name": "polygon", "pointlist": [[38, 206], [38, 221], [34, 221], [35, 232], [38, 232], [39, 255], [5, 255], [5, 253], [1, 253], [0, 243], [0, 243], [0, 207], [38, 206]], "used": false}, {"class_name": "polygon", "pointlist": [[26, 0], [11, 13], [0, 4], [0, 0], [26, 0]], "used": false}, {"class_name": "polygon", "pointlist": [[0, 21], [1, 34], [17, 33], [18, 43], [30, 43], [31, 48], [39, 47], [40, 69], [0, 71], [0, 21], [0, 21]], "used": false}, {"class_name": "polygon", "pointlist": [[167, 104], [168, 141], [191, 141], [192, 164], [183, 164], [178, 164], [178, 183], [183, 183], [184, 199], [121, 200], [121, 183], [133, 183], [132, 155], [120, 155], [119, 120], [144, 119], [144, 104], [167, 104]], "used": false}, {"class_name": "polygon", "pointlist": [[37, 96], [37, 104], [44, 103], [46, 119], [42, 119], [44, 148], [48, 148], [49, 168], [9, 170], [9, 175], [0, 176], [0, 102], [25, 102], [24, 96], [24, 95], [36, 95], [37, 96]], "used": false}]