[{"class_name": "polygon", "pointlist": [[171, 255], [171, 254], [183, 254], [183, 255], [171, 255]], "used": false}, {"class_name": "polygon", "pointlist": [[157, 55], [122, 46], [130, -1], [165, -1], [157, 55]], "used": false}, {"class_name": "polygon", "pointlist": [[160, 192], [155, 192], [155, 201], [136, 201], [136, 192], [117, 192], [117, 165], [137, 165], [137, 147], [160, 147], [160, 165], [160, 192]], "used": false}, {"class_name": "polygon", "pointlist": [[0, 226], [9, 226], [9, 205], [32, 205], [32, 255], [0, 255], [0, 226]], "used": false}, {"class_name": "polygon", "pointlist": [[118, 255], [118, 235], [132, 235], [132, 208], [154, 208], [154, 255], [118, 255]], "used": false}, {"class_name": "polygon", "pointlist": [[38, 191], [32, 191], [32, 193], [0, 193], [0, 137], [29, 137], [29, 143], [32, 143], [38, 143], [38, 191]], "used": false}, {"class_name": "polygon", "pointlist": [[209, 180], [209, 148], [227, 148], [250, 148], [250, 199], [227, 199], [227, 180], [209, 180]], "used": false}, {"class_name": "polygon", "pointlist": [[214, 195], [214, 187], [223, 187], [223, 195], [214, 195]], "used": false}, {"class_name": "polygon", "pointlist": [[238, 19], [236, 32], [253, 35], [250, 54], [209, 44], [217, -1], [236, -1], [238, -1], [238, -1], [248, -1], [255, 1], [255, 13], [255, 23], [238, 19]], "used": false}, {"class_name": "polygon", "pointlist": [[31, 37], [3, 33], [7, 0], [35, 0], [31, 37]], "used": false}, {"class_name": "polygon", "pointlist": [[0, 207], [5, 207], [5, 214], [0, 214], [0, 207]], "used": false}, {"class_name": "polygon", "pointlist": [[211, 255], [211, 230], [227, 230], [227, 209], [251, 209], [251, 255], [211, 255]], "used": false}]