[{"class_name": "polygon", "pointlist": [[221, 255], [221, 217], [216, 217], [216, 200], [221, 200], [221, 198], [255, 198], [255, 255], [221, 255]], "used": false}, {"class_name": "polygon", "pointlist": [[98, 0], [98, 3], [44, 2], [44, 0], [98, 0]], "used": false}, {"class_name": "polygon", "pointlist": [[30, 93], [29, 161], [10, 161], [11, 93], [30, 93]], "used": false}, {"class_name": "polygon", "pointlist": [[99, 74], [104, 74], [104, 112], [98, 112], [98, 140], [104, 140], [104, 180], [98, 180], [98, 183], [44, 183], [44, 163], [39, 163], [39, 140], [44, 140], [44, 113], [40, 113], [40, 74], [44, 74], [44, 67], [99, 68], [99, 74]], "used": false}, {"class_name": "polygon", "pointlist": [[255, 76], [214, 75], [214, 44], [236, 44], [236, 46], [255, 46], [255, 46], [255, 76]], "used": false}, {"class_name": "polygon", "pointlist": [[116, 32], [116, 54], [44, 54], [44, 25], [101, 25], [101, 32], [116, 32]], "used": false}, {"class_name": "polygon", "pointlist": [[104, 201], [104, 240], [98, 240], [98, 255], [44, 255], [44, 240], [39, 240], [40, 217], [44, 217], [44, 196], [98, 197], [98, 201], [104, 201]], "used": false}, {"class_name": "polygon", "pointlist": [[31, 221], [31, 255], [10, 255], [10, 221], [31, 221]], "used": false}, {"class_name": "polygon", "pointlist": [[254, 88], [255, 113], [255, 113], [255, 137], [255, 137], [255, 144], [255, 144], [255, 164], [255, 164], [255, 171], [255, 183], [215, 183], [213, 183], [213, 167], [213, 165], [219, 165], [218, 107], [214, 107], [214, 88], [254, 88]], "used": false}]