[{"class_name": "polygon", "pointlist": [[255, 144], [254, 144], [250, 144], [250, 118], [254, 118], [255, 118], [255, 144]], "used": false}, {"class_name": "polygon", "pointlist": [[146, 177], [146, 201], [81, 201], [82, 180], [77, 180], [78, 133], [131, 134], [131, 177], [146, 177]], "used": false}, {"class_name": "polygon", "pointlist": [[247, 255], [247, 253], [255, 253], [255, 255], [247, 255]], "used": false}, {"class_name": "polygon", "pointlist": [[255, 65], [253, 64], [253, 36], [255, 36], [255, 65]], "used": false}, {"class_name": "polygon", "pointlist": [[255, 15], [251, 15], [251, 0], [255, 0], [255, 15]], "used": false}, {"class_name": "polygon", "pointlist": [[255, 252], [255, 252], [255, 218], [255, 252]], "used": false}, {"class_name": "polygon", "pointlist": [[134, 75], [134, 98], [139, 98], [139, 113], [139, 120], [112, 120], [112, 113], [87, 113], [87, 53], [139, 53], [139, 75], [134, 75]], "used": false}, {"class_name": "polygon", "pointlist": [[145, 0], [145, 3], [141, 3], [141, 18], [151, 18], [151, 48], [87, 47], [87, 0], [145, 0]], "used": false}, {"class_name": "polygon", "pointlist": [[63, 255], [63, 251], [63, 230], [75, 230], [75, 212], [118, 212], [118, 255], [63, 255]], "used": false}]