[{"class_name": "polygon", "pointlist": [[84, 43], [85, 62], [105, 62], [106, 83], [86, 84], [53, 84], [52, 66], [38, 66], [38, 44], [51, 44], [84, 43]], "used": false}, {"class_name": "polygon", "pointlist": [[255, 201], [249, 202], [249, 205], [220, 206], [220, 202], [219, 187], [243, 187], [242, 161], [248, 161], [255, 160], [255, 201]], "used": false}, {"class_name": "polygon", "pointlist": [[255, 149], [221, 150], [220, 110], [255, 110], [255, 149]], "used": false}, {"class_name": "polygon", "pointlist": [[84, 8], [84, 32], [49, 33], [48, 14], [39, 14], [38, 0], [102, 0], [102, 7], [84, 8]], "used": false}, {"class_name": "polygon", "pointlist": [[0, 243], [9, 243], [9, 255], [0, 255], [0, 243]], "used": false}, {"class_name": "polygon", "pointlist": [[242, 255], [242, 243], [220, 243], [220, 222], [241, 222], [255, 222], [255, 255], [242, 255]], "used": false}, {"class_name": "polygon", "pointlist": [[0, 124], [9, 124], [9, 145], [0, 145], [0, 124]], "used": false}, {"class_name": "polygon", "pointlist": [[0, 46], [3, 46], [4, 65], [0, 65], [0, 46]], "used": false}, {"class_name": "polygon", "pointlist": [[108, 212], [107, 235], [90, 235], [90, 255], [53, 255], [53, 234], [54, 212], [108, 212]], "used": false}, {"class_name": "polygon", "pointlist": [[255, 89], [219, 90], [218, 68], [238, 68], [237, 48], [255, 47], [255, 89]], "used": false}, {"class_name": "polygon", "pointlist": [[89, 156], [90, 175], [104, 175], [105, 196], [53, 197], [53, 176], [44, 176], [44, 158], [53, 158], [53, 156], [89, 156]], "used": false}, {"class_name": "polygon", "pointlist": [[0, 158], [7, 158], [7, 171], [2, 171], [2, 173], [0, 173], [0, 158]], "used": false}, {"class_name": "polygon", "pointlist": [[87, 143], [54, 143], [53, 104], [86, 104], [106, 104], [106, 123], [86, 123], [87, 143]], "used": false}, {"class_name": "polygon", "pointlist": [[0, 15], [2, 15], [2, 28], [0, 28], [0, 15]], "used": false}, {"class_name": "polygon", "pointlist": [[255, 38], [239, 38], [238, 13], [219, 14], [219, 0], [255, 0], [255, 38]], "used": false}]