[{"class_name": "polygon", "pointlist": [[105, 255], [100, 253], [102, 250], [97, 247], [119, 220], [125, 224], [129, 218], [141, 225], [144, 221], [155, 228], [152, 231], [164, 238], [167, 234], [178, 240], [175, 244], [186, 250], [182, 254], [185, 255], [105, 255], [195, 255], [196, 255], [197, 255], [195, 255]], "used": false}, {"class_name": "polygon", "pointlist": [[255, 191], [232, 191], [232, 176], [255, 176], [255, 191]], "used": false}, {"class_name": "polygon", "pointlist": [[15, 99], [-1, 91], [-1, 75], [25, 86], [15, 99]], "used": false}, {"class_name": "polygon", "pointlist": [[223, 72], [222, 66], [215, 67], [208, 24], [213, 23], [213, 20], [230, 17], [230, 21], [247, 20], [247, 16], [255, 15], [255, 68], [253, 68], [252, 62], [236, 63], [237, 70], [223, 72]], "used": false}, {"class_name": "polygon", "pointlist": [[255, 125], [243, 125], [243, 131], [230, 131], [230, 125], [217, 125], [217, 121], [207, 121], [208, 94], [217, 94], [217, 83], [230, 82], [230, 78], [245, 79], [245, 82], [255, 83], [255, 125]], "used": false}, {"class_name": "polygon", "pointlist": [[207, 189], [131, 177], [136, 161], [211, 174], [207, 189]], "used": false}, {"class_name": "polygon", "pointlist": [[0, 136], [23, 144], [20, 148], [27, 151], [21, 162], [15, 160], [7, 172], [14, 175], [0, 197], [0, 136]], "used": false}, {"class_name": "polygon", "pointlist": [[107, 131], [71, 119], [78, 106], [113, 117], [107, 131]], "used": false}, {"class_name": "polygon", "pointlist": [[238, 255], [238, 251], [231, 251], [231, 207], [237, 207], [237, 203], [252, 203], [252, 207], [255, 207], [255, 251], [253, 251], [253, 255], [238, 255]], "used": false}, {"class_name": "polygon", "pointlist": [[128, 112], [121, 108], [120, 110], [94, 97], [95, 96], [84, 90], [88, 85], [84, 84], [90, 73], [95, 75], [103, 64], [98, 62], [120, 34], [125, 37], [134, 24], [129, 21], [137, 12], [142, 15], [143, 13], [142, 13], [144, 9], [189, 32], [187, 35], [186, 36], [193, 39], [184, 49], [178, 47], [170, 58], [177, 61], [155, 89], [148, 86], [140, 97], [147, 101], [138, 111], [131, 108], [128, 112]], "used": false}, {"class_name": "polygon", "pointlist": [[53, 113], [18, 100], [26, 86], [61, 101], [53, 113]], "used": false}, {"class_name": "polygon", "pointlist": [[180, 146], [110, 131], [114, 117], [184, 131], [180, 146]], "used": false}, {"class_name": "polygon", "pointlist": [[44, 255], [26, 252], [27, 248], [15, 245], [16, 241], [11, 240], [16, 229], [21, 230], [27, 217], [22, 215], [36, 184], [40, 185], [46, 172], [41, 171], [45, 160], [50, 162], [53, 157], [102, 171], [100, 176], [108, 177], [102, 189], [95, 187], [90, 200], [96, 202], [84, 232], [76, 230], [70, 244], [78, 246], [73, 255], [66, 254], [65, 255], [55, 255], [54, 255], [54, 255], [44, 255]], "used": false}]