[{"class_name": "polygon", "pointlist": [[10, 118], [0, 125], [0, 96], [1, 96], [10, 118], [0, 134], [6, 148], [7, 148], [7, 148], [0, 153], [0, 134]], "used": false}, {"class_name": "polygon", "pointlist": [[208, 165], [174, 208], [145, 173], [179, 130], [193, 145], [189, 150], [194, 157], [198, 152], [208, 165]], "used": false}, {"class_name": "polygon", "pointlist": [[232, 34], [177, 34], [177, -1], [234, -1], [234, -1], [232, -1], [232, 34]], "used": false}, {"class_name": "polygon", "pointlist": [[72, 243], [61, 255], [28, 255], [31, 253], [18, 237], [54, 195], [67, 211], [56, 224], [72, 243]], "used": false}, {"class_name": "polygon", "pointlist": [[232, 67], [223, 67], [223, 77], [217, 77], [217, 93], [190, 93], [190, 84], [177, 84], [177, 60], [189, 60], [189, 42], [232, 42], [232, 67]], "used": false}, {"class_name": "polygon", "pointlist": [[193, 241], [176, 219], [216, 170], [244, 206], [206, 253], [195, 238], [193, 241]], "used": false}, {"class_name": "polygon", "pointlist": [[78, 31], [68, 6], [70, 5], [80, 0], [138, -1], [143, 15], [86, 48], [79, 30], [78, 31]], "used": false}, {"class_name": "polygon", "pointlist": [[174, 126], [142, 164], [131, 151], [127, 157], [108, 133], [148, 87], [157, 100], [155, 102], [174, 126]], "used": false}, {"class_name": "polygon", "pointlist": [[143, 81], [93, 108], [85, 88], [100, 79], [91, 55], [126, 36], [131, 50], [134, 55], [128, 58], [131, 67], [137, 64], [143, 81]], "used": false}, {"class_name": "polygon", "pointlist": [[69, 255], [73, 251], [77, 255], [69, 255]], "used": false}, {"class_name": "polygon", "pointlist": [[0, 173], [8, 164], [23, 183], [32, 170], [47, 188], [12, 230], [0, 215], [0, 173]], "used": false}]