[{"class_name": "polygon", "pointlist": [[128, 80], [128, 92], [119, 92], [119, 80], [128, 80]], "used": false}, {"class_name": "polygon", "pointlist": [[79, 84], [80, 106], [70, 106], [69, 84], [79, 84]], "used": false}, {"class_name": "polygon", "pointlist": [[0, 244], [9, 244], [9, 255], [0, 255], [0, 244]], "used": false}, {"class_name": "polygon", "pointlist": [[2, 1], [18, 1], [18, 10], [32, 10], [32, 60], [32, 65], [1, 64], [1, 74], [0, 74], [0, 1], [2, 1]], "used": false}, {"class_name": "polygon", "pointlist": [[207, 79], [207, 90], [193, 90], [193, 79], [207, 79]], "used": false}, {"class_name": "polygon", "pointlist": [[234, 255], [234, 236], [255, 236], [255, 255], [234, 255]], "used": false}, {"class_name": "polygon", "pointlist": [[53, 6], [56, 6], [56, -1], [113, -1], [113, 63], [85, 63], [85, 72], [54, 72], [54, 59], [53, 6]], "used": false}, {"class_name": "polygon", "pointlist": [[255, 119], [244, 119], [244, 108], [240, 107], [240, 104], [229, 104], [229, 93], [215, 93], [215, 89], [216, 0], [255, 0], [255, 119]], "used": false}]