[{"class_name": "polygon", "pointlist": [[212, 111], [212, 150], [175, 149], [176, 111], [212, 111]], "used": false}, {"class_name": "polygon", "pointlist": [[255, 41], [95, 42], [95, 10], [255, 9], [255, 41]], "used": false}, {"class_name": "polygon", "pointlist": [[167, 255], [167, 253], [220, 254], [220, 255], [167, 255]], "used": false}, {"class_name": "polygon", "pointlist": [[212, 246], [174, 245], [174, 237], [169, 237], [169, 207], [212, 207], [212, 246]], "used": false}, {"class_name": "polygon", "pointlist": [[174, 100], [171, 100], [171, 81], [173, 81], [173, 61], [206, 61], [206, 99], [174, 100], [174, 100]], "used": false}, {"class_name": "polygon", "pointlist": [[61, 0], [61, 9], [45, 9], [45, 0], [61, 0]], "used": false}, {"class_name": "polygon", "pointlist": [[242, 255], [242, 254], [252, 254], [253, 224], [255, 224], [255, 255], [242, 255]], "used": false}, {"class_name": "polygon", "pointlist": [[255, 215], [253, 215], [253, 212], [243, 212], [243, 172], [253, 172], [253, 171], [255, 171], [255, 215]], "used": false}, {"class_name": "polygon", "pointlist": [[255, 106], [253, 106], [253, 66], [255, 66], [255, 106]], "used": false}, {"class_name": "polygon", "pointlist": [[213, 198], [175, 197], [175, 190], [169, 189], [170, 158], [214, 159], [213, 198]], "used": false}, {"class_name": "polygon", "pointlist": [[34, 255], [34, 253], [25, 253], [25, 233], [34, 233], [34, 218], [87, 218], [87, 255], [34, 255]], "used": false}, {"class_name": "polygon", "pointlist": [[255, 159], [243, 158], [243, 137], [255, 137], [255, 159]], "used": false}, {"class_name": "polygon", "pointlist": [[1, 213], [1, 255], [0, 255], [0, 213], [1, 213]], "used": false}, {"class_name": "polygon", "pointlist": [[90, 203], [88, 203], [88, 208], [56, 207], [56, 168], [89, 168], [88, 189], [91, 189], [90, 203]], "used": false}, {"class_name": "polygon", "pointlist": [[81, 102], [47, 102], [48, 59], [85, 60], [85, 88], [81, 88], [81, 102]], "used": false}, {"class_name": "polygon", "pointlist": [[86, 160], [83, 160], [44, 160], [44, 115], [84, 115], [83, 139], [86, 139], [86, 160]], "used": false}]