[{"class_name": "polygon", "pointlist": [[210, 9], [224, 0], [251, 0], [255, 5], [255, 44], [248, 49], [210, 9]], "used": false}, {"class_name": "polygon", "pointlist": [[201, 153], [177, 168], [175, 166], [168, 171], [161, 162], [167, 159], [138, 127], [177, 105], [196, 127], [184, 134], [201, 153]], "used": false}, {"class_name": "polygon", "pointlist": [[187, 176], [210, 162], [224, 177], [225, 179], [229, 177], [249, 199], [223, 214], [223, 214], [214, 219], [205, 207], [212, 204], [187, 176]], "used": false}, {"class_name": "polygon", "pointlist": [[171, 100], [129, 125], [117, 113], [102, 95], [110, 89], [116, 85], [109, 79], [137, 62], [171, 100]], "used": false}, {"class_name": "polygon", "pointlist": [[206, 0], [204, 1], [203, 0], [206, 0]], "used": false}, {"class_name": "polygon", "pointlist": [[255, 61], [253, 58], [255, 56], [255, 61]], "used": false}, {"class_name": "polygon", "pointlist": [[183, 227], [194, 222], [201, 230], [190, 236], [183, 227]], "used": false}, {"class_name": "polygon", "pointlist": [[6, 210], [0, 214], [0, 203], [6, 210], [0, 190], [3, 195], [0, 196], [0, 190]], "used": false}, {"class_name": "polygon", "pointlist": [[18, 239], [17, 255], [0, 255], [0, 238], [18, 239]], "used": false}, {"class_name": "polygon", "pointlist": [[212, 255], [218, 252], [221, 255], [212, 255]], "used": false}, {"class_name": "polygon", "pointlist": [[107, 38], [126, 59], [96, 77], [96, 75], [87, 80], [56, 49], [64, 44], [64, 43], [64, 43], [55, 32], [90, 12], [100, 22], [110, 35], [107, 38]], "used": false}, {"class_name": "polygon", "pointlist": [[51, 27], [44, 32], [33, 19], [39, 15], [26, 0], [69, 0], [75, 7], [48, 23], [51, 27]], "used": false}, {"class_name": "polygon", "pointlist": [[253, 207], [255, 209], [255, 255], [227, 223], [253, 207]], "used": false}]