[{"class_name": "polygon", "pointlist": [[11, 253], [11, 255], [0, 255], [0, 253], [11, 253]], "used": false}, {"class_name": "polygon", "pointlist": [[171, 217], [179, 217], [179, 229], [171, 229], [171, 217]], "used": false}, {"class_name": "polygon", "pointlist": [[125, 0], [125, 20], [125, 27], [94, 27], [94, 21], [16, 21], [16, 0], [125, 0]], "used": false}, {"class_name": "polygon", "pointlist": [[29, 127], [40, 127], [40, 160], [29, 160], [29, 127]], "used": false}, {"class_name": "polygon", "pointlist": [[255, 220], [206, 220], [206, 207], [199, 207], [199, 194], [206, 194], [206, 177], [249, 177], [255, 177], [255, 220]], "used": false}, {"class_name": "polygon", "pointlist": [[53, 163], [53, 170], [94, 169], [94, 163], [120, 162], [122, 216], [25, 217], [23, 164], [53, 163]], "used": false}, {"class_name": "polygon", "pointlist": [[145, 235], [157, 235], [157, 246], [145, 246], [145, 235]], "used": false}, {"class_name": "polygon", "pointlist": [[237, 44], [237, 22], [215, 22], [215, 0], [255, 0], [255, 44], [237, 44]], "used": false}]