[{"class_name": "polygon", "pointlist": [[216, 255], [232, 251], [235, 255], [216, 255]], "used": false}, {"class_name": "polygon", "pointlist": [[246, -1], [213, 16], [201, 0], [246, -1]], "used": false}, {"class_name": "polygon", "pointlist": [[213, 152], [179, 88], [212, 76], [226, 102], [236, 98], [231, 89], [250, 82], [253, 85], [255, 93], [255, 145], [241, 150], [239, 146], [228, 150], [226, 148], [213, 152]], "used": false}, {"class_name": "polygon", "pointlist": [[255, 32], [252, 34], [241, 20], [255, 13], [255, 32]], "used": false}, {"class_name": "polygon", "pointlist": [[51, 204], [36, 206], [32, 190], [48, 188], [51, 204]], "used": false}, {"class_name": "polygon", "pointlist": [[154, 184], [149, 167], [133, 171], [131, 165], [119, 167], [113, 145], [126, 143], [124, 133], [140, 131], [145, 130], [142, 117], [148, 116], [148, 113], [161, 111], [162, 113], [172, 113], [189, 178], [154, 184]], "used": false}, {"class_name": "polygon", "pointlist": [[47, 182], [45, 176], [44, 168], [38, 169], [32, 148], [28, 149], [24, 134], [27, 133], [61, 127], [56, 109], [51, 95], [79, 90], [83, 104], [86, 103], [100, 151], [96, 152], [98, 158], [101, 166], [79, 170], [80, 177], [66, 181], [65, 178], [47, 182]], "used": false}]