[{"class_name": "polygon", "pointlist": [[26, 195], [0, 200], [0, 148], [12, 145], [26, 195]], "used": false}, {"class_name": "polygon", "pointlist": [[255, 179], [247, 177], [255, 145], [255, 179], [255, 129], [249, 127], [253, 116], [255, 116], [255, 129]], "used": false}, {"class_name": "polygon", "pointlist": [[118, 46], [111, 46], [110, 35], [117, 35], [118, 46]], "used": false}, {"class_name": "polygon", "pointlist": [[205, 41], [207, 92], [175, 93], [176, 102], [157, 102], [156, 94], [126, 95], [125, 55], [148, 55], [148, 50], [148, 50], [160, 49], [161, 55], [172, 55], [171, 44], [183, 44], [182, 42], [205, 41]], "used": false}, {"class_name": "polygon", "pointlist": [[39, 52], [39, 54], [50, 53], [52, 61], [62, 61], [61, 55], [74, 54], [75, 60], [90, 58], [91, 70], [102, 69], [105, 95], [22, 102], [16, 54], [39, 52]], "used": false}, {"class_name": "polygon", "pointlist": [[168, 194], [151, 205], [149, 203], [141, 209], [142, 210], [133, 216], [128, 212], [119, 218], [116, 214], [106, 222], [95, 211], [87, 216], [67, 195], [130, 155], [168, 194]], "used": false}, {"class_name": "polygon", "pointlist": [[246, 37], [247, 39], [253, 38], [253, 48], [255, 48], [255, 98], [253, 99], [253, 86], [227, 87], [224, 38], [246, 37]], "used": false}, {"class_name": "polygon", "pointlist": [[128, 239], [129, 241], [131, 241], [135, 252], [141, 251], [143, 255], [73, 255], [73, 251], [90, 247], [89, 245], [128, 239]], "used": false}, {"class_name": "polygon", "pointlist": [[121, 149], [113, 162], [92, 153], [101, 140], [121, 149]], "used": false}, {"class_name": "polygon", "pointlist": [[193, 131], [200, 143], [221, 135], [236, 163], [210, 172], [207, 166], [196, 170], [200, 176], [201, 179], [182, 186], [180, 183], [159, 143], [193, 131]], "used": false}]