[{"class_name": "polygon", "pointlist": [[125, 178], [125, 241], [0, 241], [0, 178], [125, 178]], "used": false}, {"class_name": "polygon", "pointlist": [[0, 117], [47, 117], [47, 133], [0, 133], [0, 117]], "used": false}, {"class_name": "polygon", "pointlist": [[23, 0], [24, 8], [3, 9], [3, 0], [23, 0]], "used": false}, {"class_name": "polygon", "pointlist": [[109, 94], [109, 103], [93, 102], [94, 94], [109, 94]], "used": false}, {"class_name": "polygon", "pointlist": [[177, 185], [198, 185], [198, 233], [177, 233], [177, 185]], "used": false}, {"class_name": "polygon", "pointlist": [[183, 124], [192, 132], [183, 139], [173, 131], [183, 124]], "used": false}]