[{"class_name": "polygon", "pointlist": [[131, 36], [131, 39], [172, 39], [172, 48], [184, 48], [184, 62], [172, 62], [172, 76], [90, 76], [90, 55], [90, 54], [90, 39], [104, 39], [104, 36], [131, 36]], "used": false}, {"class_name": "polygon", "pointlist": [[103, 186], [103, 204], [106, 204], [106, 230], [106, 240], [38, 239], [10, 239], [10, 204], [10, 201], [35, 201], [35, 204], [92, 204], [92, 186], [103, 186]], "used": false}, {"class_name": "polygon", "pointlist": [[229, 195], [228, 209], [219, 209], [220, 195], [229, 195]], "used": false}, {"class_name": "polygon", "pointlist": [[244, 255], [243, 205], [250, 205], [250, 203], [255, 203], [255, 255], [244, 255]], "used": false}, {"class_name": "polygon", "pointlist": [[255, 76], [225, 76], [225, 41], [255, 41], [255, 76]], "used": false}, {"class_name": "polygon", "pointlist": [[174, 201], [174, 203], [186, 203], [186, 201], [207, 201], [207, 203], [207, 213], [212, 212], [212, 213], [230, 213], [230, 233], [207, 233], [134, 233], [134, 204], [164, 203], [164, 201], [174, 201]], "used": false}, {"class_name": "polygon", "pointlist": [[88, 55], [80, 55], [80, 47], [88, 47], [88, 55]], "used": false}, {"class_name": "polygon", "pointlist": [[53, 24], [53, 41], [69, 41], [69, 59], [88, 59], [88, 77], [69, 77], [53, 77], [44, 77], [44, 60], [6, 60], [0, 60], [0, 31], [6, 31], [18, 31], [18, 24], [53, 24]], "used": false}]