[{"class_name": "polygon", "pointlist": [[196, 40], [154, 79], [120, 56], [148, 31], [140, 26], [154, 11], [196, 40]], "used": false}, {"class_name": "polygon", "pointlist": [[218, 162], [217, 171], [196, 168], [198, 159], [218, 162]], "used": false}, {"class_name": "polygon", "pointlist": [[227, 90], [211, 108], [199, 101], [215, 84], [227, 90]], "used": false}, {"class_name": "polygon", "pointlist": [[60, 255], [58, 252], [79, 247], [78, 243], [102, 237], [103, 240], [110, 255], [60, 255]], "used": false}, {"class_name": "polygon", "pointlist": [[255, 87], [251, 91], [227, 73], [236, 64], [255, 79], [255, 87]], "used": false}, {"class_name": "polygon", "pointlist": [[246, 52], [221, 73], [203, 58], [200, 55], [224, 35], [228, 38], [246, 52]], "used": false}, {"class_name": "polygon", "pointlist": [[153, 255], [148, 242], [176, 236], [183, 255], [153, 255]], "used": false}, {"class_name": "polygon", "pointlist": [[255, 31], [250, 34], [243, 27], [218, 0], [255, 0], [255, 31]], "used": false}, {"class_name": "polygon", "pointlist": [[137, 247], [120, 251], [116, 236], [133, 233], [137, 247]], "used": false}, {"class_name": "polygon", "pointlist": [[82, 229], [72, 229], [72, 223], [82, 223], [82, 229]], "used": false}, {"class_name": "polygon", "pointlist": [[212, 176], [204, 202], [153, 191], [161, 166], [212, 176]], "used": false}, {"class_name": "polygon", "pointlist": [[161, 96], [154, 119], [140, 117], [138, 124], [108, 117], [103, 134], [79, 129], [89, 100], [94, 102], [102, 74], [150, 84], [148, 93], [161, 96]], "used": false}, {"class_name": "polygon", "pointlist": [[31, 0], [0, 42], [0, 0], [31, 0]], "used": false}, {"class_name": "polygon", "pointlist": [[125, 180], [112, 225], [61, 215], [68, 189], [77, 190], [83, 172], [125, 180]], "used": false}]