[{"class_name": "polygon", "pointlist": [[52, 0], [49, 10], [51, 11], [47, 24], [45, 22], [42, 32], [8, 15], [0, 12], [0, 0], [52, 0]], "used": false}, {"class_name": "polygon", "pointlist": [[195, 95], [188, 127], [132, 107], [140, 74], [195, 95]], "used": false}, {"class_name": "polygon", "pointlist": [[7, 172], [0, 170], [0, 140], [13, 144], [7, 172]], "used": false}, {"class_name": "polygon", "pointlist": [[190, 169], [171, 255], [149, 255], [105, 240], [112, 212], [120, 214], [129, 176], [120, 173], [126, 147], [134, 115], [187, 134], [180, 166], [190, 169]], "used": false}, {"class_name": "polygon", "pointlist": [[7, 107], [0, 104], [0, 39], [30, 52], [25, 70], [18, 67], [7, 107]], "used": false}]