[{"class_name": "polygon", "pointlist": [[186, 132], [186, 123], [194, 123], [194, 132], [186, 132]], "used": false}, {"class_name": "polygon", "pointlist": [[73, 183], [56, 183], [56, 197], [36, 197], [36, 183], [36, 136], [37, 136], [37, 121], [61, 121], [61, 136], [73, 136], [73, 183]], "used": false}, {"class_name": "polygon", "pointlist": [[78, 15], [63, 14], [63, 0], [79, 0], [78, 15]], "used": false}, {"class_name": "polygon", "pointlist": [[46, 0], [46, 23], [1, 24], [1, 0], [46, 0]], "used": false}, {"class_name": "polygon", "pointlist": [[255, 198], [249, 198], [249, 176], [253, 176], [253, 137], [255, 137], [255, 198]], "used": false}, {"class_name": "polygon", "pointlist": [[174, 123], [174, 112], [185, 112], [185, 123], [174, 123]], "used": false}, {"class_name": "polygon", "pointlist": [[240, 194], [230, 194], [230, 186], [210, 186], [210, 167], [205, 167], [205, 149], [211, 149], [211, 137], [228, 137], [228, 118], [241, 118], [241, 137], [243, 137], [242, 187], [240, 187], [240, 194]], "used": false}, {"class_name": "polygon", "pointlist": [[199, -1], [199, 13], [164, 13], [164, -1], [199, -1]], "used": false}, {"class_name": "polygon", "pointlist": [[194, 182], [191, 182], [191, 196], [169, 196], [169, 185], [153, 185], [153, 136], [158, 136], [158, 125], [178, 125], [178, 134], [191, 134], [191, 152], [194, 152], [194, 182]], "used": false}, {"class_name": "polygon", "pointlist": [[26, 195], [9, 195], [9, 180], [1, 180], [1, 122], [26, 121], [26, 195]], "used": false}]