[{"class_name": "polygon", "pointlist": [[9, 145], [17, 145], [17, 160], [9, 160], [9, 145]], "used": false}, {"class_name": "polygon", "pointlist": [[42, 255], [42, 244], [57, 244], [57, 230], [43, 230], [43, 208], [57, 208], [57, 207], [78, 207], [78, 199], [84, 199], [84, 207], [108, 207], [108, 208], [120, 208], [120, 229], [108, 229], [108, 243], [120, 243], [120, 255], [42, 255]], "used": false}, {"class_name": "polygon", "pointlist": [[0, 208], [15, 208], [15, 221], [15, 221], [15, 239], [24, 239], [24, 242], [15, 242], [15, 255], [0, 255], [0, 208]], "used": false}, {"class_name": "polygon", "pointlist": [[38, 180], [116, 180], [116, 195], [38, 195], [38, 180]], "used": false}, {"class_name": "polygon", "pointlist": [[0, 180], [28, 180], [28, 196], [0, 196], [0, 180]], "used": false}, {"class_name": "polygon", "pointlist": [[247, 255], [215, 235], [232, 217], [225, 212], [244, 194], [255, 201], [255, 255], [247, 255]], "used": false}, {"class_name": "polygon", "pointlist": [[255, 81], [224, 83], [222, 0], [255, -1], [255, 81]], "used": false}]