[{"class_name": "polygon", "pointlist": [[156, 0], [156, 18], [190, 18], [190, 34], [198, 36], [198, 52], [216, 52], [216, 36], [230, 36], [230, 0], [156, 0]], "used": false}, {"class_name": "polygon", "pointlist": [[242, 0], [242, 20], [272, 22], [272, 34], [300, 34], [300, 22], [322, 22], [322, 0], [242, 0]], "used": false}, {"class_name": "polygon", "pointlist": [[468, 332], [468, 356], [484, 356], [484, 332], [468, 332]], "used": false}, {"class_name": "polygon", "pointlist": [[56, 194], [0, 194], [0, 304], [56, 304], [56, 194]], "used": false}, {"class_name": "polygon", "pointlist": [[144, 200], [66, 200], [64, 250], [68, 250], [68, 308], [120, 310], [120, 296], [144, 296], [144, 200]], "used": false}, {"class_name": "polygon", "pointlist": [[510, 206], [500, 206], [500, 262], [504, 262], [504, 282], [500, 282], [500, 294], [510, 294], [510, 206]], "used": false}, {"class_name": "polygon", "pointlist": [[144, 368], [98, 368], [98, 404], [144, 404], [144, 368]], "used": false}, {"class_name": "polygon", "pointlist": [[152, 392], [152, 414], [174, 414], [174, 392], [192, 392], [192, 372], [156, 372], [156, 392], [152, 392]], "used": false}, {"class_name": "polygon", "pointlist": [[316, 204], [240, 204], [240, 264], [250, 264], [250, 286], [286, 286], [286, 264], [316, 264], [316, 204]], "used": false}, {"class_name": "polygon", "pointlist": [[332, 0], [332, 20], [408, 22], [408, 0], [332, 0]], "used": false}, {"class_name": "polygon", "pointlist": [[506, 392], [506, 412], [510, 412], [510, 392], [506, 392]], "used": false}, {"class_name": "polygon", "pointlist": [[154, 286], [196, 286], [196, 262], [228, 262], [228, 204], [154, 202], [154, 286]], "used": false}, {"class_name": "polygon", "pointlist": [[322, 370], [276, 372], [276, 414], [322, 412], [322, 370]], "used": false}, {"class_name": "polygon", "pointlist": [[490, 206], [414, 206], [414, 264], [416, 264], [416, 292], [478, 292], [478, 268], [490, 268], [490, 206]], "used": false}, {"class_name": "polygon", "pointlist": [[510, 476], [506, 476], [506, 510], [510, 510], [510, 476]], "used": false}, {"class_name": "polygon", "pointlist": [[72, 0], [72, 16], [104, 16], [104, 20], [128, 20], [128, 16], [150, 16], [150, 0], [72, 0]], "used": false}, {"class_name": "polygon", "pointlist": [[0, 362], [18, 362], [18, 314], [0, 314], [0, 362]], "used": false}, {"class_name": "polygon", "pointlist": [[502, 0], [502, 14], [506, 14], [506, 18], [502, 18], [502, 22], [510, 22], [510, 0], [502, 0]], "used": false}, {"class_name": "polygon", "pointlist": [[494, 374], [456, 374], [456, 398], [448, 398], [448, 374], [416, 374], [416, 510], [494, 510], [494, 374]], "used": false}, {"class_name": "polygon", "pointlist": [[416, 0], [416, 22], [494, 22], [494, 0], [416, 0]], "used": false}, {"class_name": "polygon", "pointlist": [[410, 474], [366, 474], [368, 438], [334, 438], [332, 474], [332, 510], [410, 510], [410, 474]], "used": false}, {"class_name": "polygon", "pointlist": [[510, 330], [498, 330], [498, 356], [510, 356], [510, 330]], "used": false}, {"class_name": "polygon", "pointlist": [[14, 442], [0, 442], [0, 510], [58, 510], [58, 470], [54, 470], [56, 446], [14, 446], [14, 442]], "used": false}, {"class_name": "polygon", "pointlist": [[232, 482], [228, 482], [228, 472], [226, 472], [228, 450], [158, 448], [156, 510], [232, 510], [232, 482]], "used": false}, {"class_name": "polygon", "pointlist": [[320, 484], [316, 484], [318, 446], [242, 446], [240, 462], [242, 462], [242, 474], [240, 474], [240, 506], [242, 506], [242, 510], [240, 510], [240, 510], [320, 510], [320, 484]], "used": false}, {"class_name": "polygon", "pointlist": [[0, 16], [58, 16], [58, 0], [0, 0], [0, 16]], "used": false}, {"class_name": "polygon", "pointlist": [[146, 482], [142, 482], [144, 446], [64, 444], [64, 466], [66, 466], [70, 466], [68, 510], [146, 510], [146, 482]], "used": false}, {"class_name": "polygon", "pointlist": [[402, 204], [328, 206], [328, 280], [370, 278], [370, 264], [402, 264], [402, 204]], "used": false}]