[{"class_name": "polygon", "pointlist": [[21, 224], [21, 219], [31, 219], [31, 224], [49, 224], [49, 255], [27, 255], [27, 250], [21, 250], [21, 224]], "used": false}, {"class_name": "polygon", "pointlist": [[165, 247], [176, 247], [175, 255], [165, 255], [165, 247]], "used": false}, {"class_name": "polygon", "pointlist": [[246, 255], [246, 229], [255, 229], [255, 255], [246, 255]], "used": false}, {"class_name": "polygon", "pointlist": [[68, 255], [68, 236], [95, 236], [94, 246], [88, 245], [88, 255], [68, 255], [122, 255], [122, 236], [144, 236], [144, 245], [160, 245], [160, 255], [122, 255]], "used": false}, {"class_name": "polygon", "pointlist": [[255, 61], [227, 62], [227, -1], [255, -1], [255, 61]], "used": false}, {"class_name": "polygon", "pointlist": [[202, 221], [227, 222], [226, 255], [202, 255], [202, 221]], "used": false}]