[{"class_name": "polygon", "pointlist": [[110, 255], [110, 250], [139, 250], [139, 255], [110, 255]], "used": false}, {"class_name": "polygon", "pointlist": [[185, 217], [238, 218], [238, 241], [230, 241], [230, 247], [185, 247], [185, 217]], "used": false}, {"class_name": "polygon", "pointlist": [[93, 210], [102, 210], [102, 191], [142, 191], [142, 195], [154, 195], [154, 218], [142, 218], [142, 241], [108, 241], [108, 240], [93, 240], [93, 210]], "used": false}, {"class_name": "polygon", "pointlist": [[189, 128], [241, 129], [241, 154], [234, 154], [234, 164], [189, 163], [189, 128]], "used": false}, {"class_name": "polygon", "pointlist": [[243, 122], [188, 122], [188, 92], [243, 93], [243, 122]], "used": false}, {"class_name": "polygon", "pointlist": [[0, 110], [14, 108], [17, 108], [17, 132], [14, 132], [14, 170], [0, 170], [0, 110]], "used": false}, {"class_name": "polygon", "pointlist": [[17, 0], [16, 26], [0, 26], [0, 0], [17, 0]], "used": false}, {"class_name": "polygon", "pointlist": [[184, 51], [189, 51], [189, 44], [243, 44], [243, 70], [236, 70], [236, 80], [189, 80], [189, 77], [184, 77], [184, 51]], "used": false}, {"class_name": "polygon", "pointlist": [[0, 184], [15, 184], [15, 202], [8, 201], [8, 212], [15, 212], [15, 243], [0, 243], [0, 184]], "used": false}, {"class_name": "polygon", "pointlist": [[241, 172], [241, 208], [187, 207], [188, 172], [241, 172]], "used": false}, {"class_name": "polygon", "pointlist": [[0, 34], [20, 34], [19, 50], [15, 50], [15, 63], [19, 63], [18, 95], [0, 95], [0, 34]], "used": false}, {"class_name": "polygon", "pointlist": [[95, 71], [96, 71], [96, 67], [104, 67], [104, 54], [143, 54], [143, 102], [125, 102], [125, 105], [115, 105], [115, 103], [104, 103], [96, 103], [96, 90], [95, 90], [95, 71]], "used": false}, {"class_name": "polygon", "pointlist": [[95, 143], [96, 143], [96, 139], [100, 139], [100, 123], [134, 123], [134, 172], [100, 172], [96, 172], [96, 159], [95, 159], [95, 143]], "used": false}, {"class_name": "polygon", "pointlist": [[183, 15], [189, 15], [189, 0], [192, 0], [242, 1], [241, 8], [245, 8], [244, 38], [189, 37], [189, 33], [183, 33], [183, 15]], "used": false}, {"class_name": "polygon", "pointlist": [[144, 0], [144, 38], [100, 38], [100, 3], [96, 3], [96, 0], [144, 0]], "used": false}]