[{"class_name": "polygon", "pointlist": [[398, 510], [398, 484], [378, 484], [378, 474], [358, 472], [358, 510], [378, 510], [378, 510], [398, 510]], "used": false}, {"class_name": "polygon", "pointlist": [[140, 344], [140, 326], [214, 326], [214, 250], [168, 250], [168, 236], [98, 236], [98, 326], [100, 326], [100, 344], [140, 344]], "used": false}, {"class_name": "polygon", "pointlist": [[344, 308], [344, 294], [344, 294], [344, 238], [286, 238], [286, 230], [238, 232], [238, 286], [262, 286], [262, 294], [286, 294], [286, 308], [344, 308]], "used": false}, {"class_name": "polygon", "pointlist": [[482, 510], [482, 462], [402, 462], [402, 510], [482, 510]], "used": false}, {"class_name": "polygon", "pointlist": [[510, 462], [508, 462], [508, 510], [510, 510], [510, 462]], "used": false}, {"class_name": "polygon", "pointlist": [[490, 322], [490, 230], [372, 230], [372, 300], [378, 300], [378, 318], [434, 318], [434, 322], [490, 322]], "used": false}, {"class_name": "polygon", "pointlist": [[24, 76], [24, 2], [0, 2], [0, 76], [24, 76]], "used": false}, {"class_name": "polygon", "pointlist": [[374, 366], [372, 392], [408, 394], [410, 368], [374, 366]], "used": false}, {"class_name": "polygon", "pointlist": [[24, 510], [24, 508], [24, 458], [0, 458], [0, 510], [24, 510]], "used": false}, {"class_name": "polygon", "pointlist": [[20, 430], [22, 344], [0, 344], [0, 430], [20, 430]], "used": false}, {"class_name": "polygon", "pointlist": [[294, 340], [294, 314], [258, 314], [258, 340], [294, 340]], "used": false}, {"class_name": "polygon", "pointlist": [[46, 460], [44, 448], [26, 448], [26, 460], [46, 460]], "used": false}, {"class_name": "polygon", "pointlist": [[70, 464], [70, 448], [48, 448], [48, 464], [70, 464]], "used": false}, {"class_name": "polygon", "pointlist": [[192, 98], [192, 74], [240, 74], [240, 26], [198, 26], [198, 2], [126, 2], [126, 24], [110, 24], [110, 46], [124, 46], [124, 74], [124, 74], [154, 74], [154, 98], [192, 98]], "used": false}, {"class_name": "polygon", "pointlist": [[302, 510], [316, 494], [234, 454], [186, 510], [302, 510]], "used": false}, {"class_name": "polygon", "pointlist": [[18, 320], [20, 226], [0, 226], [0, 320], [18, 320], [18, 320]], "used": false}, {"class_name": "polygon", "pointlist": [[448, 2], [448, 40], [472, 40], [472, 78], [510, 78], [510, 2], [448, 2]], "used": false}]