[{"class_name": "polygon", "pointlist": [[139, 19], [139, 4], [237, 3], [237, 18], [139, 19]], "used": false}, {"class_name": "polygon", "pointlist": [[255, 60], [253, 60], [253, 44], [255, 44], [255, 60]], "used": false}, {"class_name": "polygon", "pointlist": [[36, 16], [36, 1], [111, 1], [111, 16], [36, 16]], "used": false}, {"class_name": "polygon", "pointlist": [[244, 20], [244, 4], [255, 4], [255, 20], [244, 20]], "used": false}, {"class_name": "polygon", "pointlist": [[63, 39], [64, 55], [52, 55], [51, 39], [63, 39]], "used": false}]