[{"class_name": "polygon", "pointlist": [[0, 147], [8, 147], [8, 160], [0, 160], [0, 147]], "used": false}, {"class_name": "polygon", "pointlist": [[128, 76], [124, 58], [119, 59], [117, 50], [110, 51], [105, 34], [154, 25], [167, 69], [128, 76]], "used": false}, {"class_name": "polygon", "pointlist": [[255, 255], [253, 255], [251, 217], [255, 217], [255, 255]], "used": false}, {"class_name": "polygon", "pointlist": [[-1, 109], [1, 109], [3, 130], [0, 130], [-1, 109]], "used": false}, {"class_name": "polygon", "pointlist": [[24, 209], [23, 194], [9, 194], [7, 163], [100, 160], [102, 187], [109, 186], [111, 208], [98, 208], [98, 221], [72, 222], [73, 227], [58, 228], [59, 234], [11, 236], [9, 209], [24, 209]], "used": false}, {"class_name": "polygon", "pointlist": [[103, 101], [103, 96], [97, 96], [97, 84], [163, 84], [163, 103], [149, 103], [149, 122], [90, 122], [90, 101], [97, 101], [103, 101]], "used": false}, {"class_name": "polygon", "pointlist": [[44, 145], [60, 145], [60, 156], [44, 156], [44, 145]], "used": false}, {"class_name": "polygon", "pointlist": [[122, 0], [89, 15], [78, 0], [122, 0]], "used": false}]