[{"class_name": "polygon", "pointlist": [[98, 217], [73, 239], [82, 255], [66, 255], [61, 249], [60, 251], [45, 225], [72, 201], [65, 191], [77, 179], [98, 217]], "used": false}, {"class_name": "polygon", "pointlist": [[233, 255], [235, 253], [229, 243], [248, 226], [255, 239], [255, 255], [233, 255]], "used": false}, {"class_name": "polygon", "pointlist": [[45, 122], [12, 65], [27, 51], [36, 67], [60, 44], [85, 85], [61, 108], [45, 122]], "used": false}, {"class_name": "polygon", "pointlist": [[221, 38], [204, 10], [207, 7], [204, 1], [203, -1], [244, -1], [251, 9], [221, 38]], "used": false}, {"class_name": "polygon", "pointlist": [[160, 184], [114, 108], [157, 69], [177, 102], [174, 104], [200, 148], [160, 184]], "used": false}, {"class_name": "polygon", "pointlist": [[142, 43], [118, 62], [114, 55], [138, 35], [142, 43]], "used": false}, {"class_name": "polygon", "pointlist": [[255, 88], [244, 67], [236, 74], [221, 49], [249, 23], [255, 35], [255, 88]], "used": false}, {"class_name": "polygon", "pointlist": [[152, 180], [135, 195], [137, 201], [114, 223], [86, 175], [128, 139], [152, 180]], "used": false}, {"class_name": "polygon", "pointlist": [[20, 197], [28, 210], [20, 218], [12, 205], [20, 197]], "used": false}, {"class_name": "polygon", "pointlist": [[18, 161], [29, 180], [17, 190], [6, 172], [18, 161]], "used": false}, {"class_name": "polygon", "pointlist": [[0, 244], [6, 219], [36, 229], [31, 255], [0, 255], [0, 244]], "used": false}, {"class_name": "polygon", "pointlist": [[119, 42], [108, 51], [109, 55], [116, 66], [106, 75], [99, 64], [97, 61], [87, 71], [68, 40], [111, 0], [113, 0], [132, 32], [119, 44], [119, 42]], "used": false}, {"class_name": "polygon", "pointlist": [[33, 113], [20, 125], [30, 142], [14, 157], [7, 147], [0, 153], [0, 96], [2, 96], [0, 94], [0, 72], [5, 67], [33, 113]], "used": false}, {"class_name": "polygon", "pointlist": [[110, 110], [118, 123], [108, 131], [101, 118], [110, 110]], "used": false}]