[{"class_name": "polygon", "pointlist": [[251, 233], [251, 252], [255, 252], [255, 255], [198, 255], [198, 253], [224, 253], [224, 233], [251, 233]], "used": false}, {"class_name": "polygon", "pointlist": [[255, 61], [247, 61], [247, 49], [241, 49], [241, 59], [211, 60], [211, 49], [200, 49], [199, 3], [255, 3], [255, 61]], "used": false}, {"class_name": "polygon", "pointlist": [[255, 148], [254, 148], [253, 132], [255, 132], [255, 148]], "used": false}, {"class_name": "polygon", "pointlist": [[246, 138], [246, 157], [219, 157], [218, 139], [193, 140], [192, 108], [230, 107], [230, 97], [244, 97], [244, 106], [246, 138]], "used": false}]