[{"class_name": "polygon", "pointlist": [[255, 11], [239, 11], [241, 73], [255, 73], [255, 11]], "used": false}, {"class_name": "polygon", "pointlist": [[255, 186], [249, 186], [251, 233], [255, 233], [255, 186]], "used": false}, {"class_name": "polygon", "pointlist": [[0, 71], [14, 72], [14, 67], [29, 67], [31, 40], [18, 40], [18, 30], [31, 30], [31, 15], [34, 15], [35, 3], [22, 3], [22, 1], [11, 0], [11, 0], [0, 0], [0, 71]], "used": false}, {"class_name": "polygon", "pointlist": [[132, 115], [135, 100], [58, 91], [55, 107], [132, 115]], "used": false}, {"class_name": "polygon", "pointlist": [[255, 249], [250, 249], [250, 255], [255, 255], [255, 249]], "used": false}, {"class_name": "polygon", "pointlist": [[0, 230], [9, 230], [11, 219], [6, 219], [8, 201], [0, 201], [0, 230], [0, 192], [9, 193], [11, 177], [16, 177], [17, 166], [4, 166], [4, 163], [0, 162], [0, 192]], "used": false}, {"class_name": "polygon", "pointlist": [[24, 255], [24, 255], [0, 253], [0, 255], [24, 255]], "used": false}, {"class_name": "polygon", "pointlist": [[178, 9], [178, 11], [155, 12], [156, 42], [171, 41], [172, 50], [156, 51], [157, 79], [165, 79], [165, 82], [224, 81], [224, 78], [236, 77], [236, 50], [221, 51], [220, 40], [236, 40], [235, 10], [212, 11], [212, 8], [178, 9]], "used": false}, {"class_name": "polygon", "pointlist": [[76, 0], [76, 3], [66, 3], [66, 6], [55, 7], [57, 33], [72, 32], [73, 44], [58, 44], [60, 70], [68, 70], [68, 73], [78, 72], [79, 75], [116, 74], [115, 71], [127, 70], [126, 67], [137, 67], [135, 40], [122, 40], [122, 28], [135, 28], [133, 3], [122, 3], [122, 1], [111, 2], [111, 0], [77, 0], [76, 0]], "used": false}, {"class_name": "polygon", "pointlist": [[212, 107], [172, 103], [169, 119], [209, 123], [212, 107]], "used": false}, {"class_name": "polygon", "pointlist": [[54, 244], [54, 255], [117, 255], [117, 244], [54, 244]], "used": false}, {"class_name": "polygon", "pointlist": [[61, 154], [60, 162], [44, 160], [36, 208], [58, 211], [56, 218], [85, 222], [87, 214], [101, 216], [100, 222], [116, 224], [117, 218], [148, 220], [147, 227], [166, 229], [167, 223], [176, 224], [173, 239], [184, 241], [185, 235], [195, 236], [196, 233], [212, 235], [213, 230], [214, 228], [231, 230], [239, 182], [223, 180], [224, 173], [197, 171], [196, 177], [195, 188], [184, 187], [186, 176], [175, 174], [176, 169], [159, 167], [158, 172], [124, 169], [125, 163], [110, 161], [109, 167], [97, 166], [96, 176], [84, 175], [86, 165], [87, 158], [61, 154]], "used": false}, {"class_name": "polygon", "pointlist": [[194, 159], [196, 143], [100, 133], [97, 148], [194, 159]], "used": false}]