[{"class_name": "polygon", "pointlist": [[255, 42], [240, 43], [240, 36], [230, 36], [229, 10], [242, 10], [241, 0], [228, 0], [228, 0], [255, 0], [255, 42]], "used": false}, {"class_name": "polygon", "pointlist": [[255, 155], [213, 155], [213, 140], [255, 140], [255, 155]], "used": false}, {"class_name": "polygon", "pointlist": [[227, 212], [226, 220], [226, 222], [238, 222], [238, 221], [238, 212], [255, 212], [255, 255], [188, 255], [188, 220], [194, 220], [194, 212], [227, 212]], "used": false}, {"class_name": "polygon", "pointlist": [[9, 138], [0, 138], [0, 106], [9, 106], [9, 138]], "used": false}, {"class_name": "polygon", "pointlist": [[60, 45], [41, 45], [41, 15], [60, 15], [60, 45]], "used": false}, {"class_name": "polygon", "pointlist": [[163, 196], [51, 197], [51, 182], [163, 182], [163, 196]], "used": false}, {"class_name": "polygon", "pointlist": [[228, 62], [228, 72], [234, 71], [236, 114], [228, 114], [228, 124], [195, 124], [195, 113], [183, 113], [183, 125], [151, 125], [151, 113], [147, 113], [145, 73], [149, 73], [152, 73], [151, 64], [186, 63], [186, 74], [199, 74], [198, 63], [228, 62]], "used": false}, {"class_name": "polygon", "pointlist": [[9, 90], [9, 100], [0, 100], [0, 90], [9, 90]], "used": false}, {"class_name": "polygon", "pointlist": [[100, 214], [111, 214], [111, 207], [166, 207], [166, 230], [159, 230], [159, 240], [166, 240], [166, 255], [45, 255], [45, 240], [53, 240], [53, 230], [45, 230], [45, 207], [100, 207], [100, 214]], "used": false}, {"class_name": "polygon", "pointlist": [[129, 62], [129, 72], [135, 71], [136, 114], [128, 114], [129, 124], [96, 124], [96, 113], [84, 113], [84, 125], [52, 125], [52, 113], [46, 113], [44, 73], [50, 73], [53, 73], [53, 64], [86, 63], [87, 74], [100, 74], [99, 63], [129, 62]], "used": false}, {"class_name": "polygon", "pointlist": [[68, 156], [57, 156], [57, 139], [68, 138], [68, 156]], "used": false}, {"class_name": "polygon", "pointlist": [[20, 216], [21, 240], [14, 240], [14, 247], [21, 247], [21, 255], [0, 255], [0, 216], [20, 216]], "used": false}, {"class_name": "polygon", "pointlist": [[255, 124], [251, 124], [251, 112], [247, 113], [245, 72], [248, 72], [252, 72], [252, 62], [255, 62], [255, 124]], "used": false}, {"class_name": "polygon", "pointlist": [[10, 58], [0, 58], [0, 0], [9, 0], [10, 58]], "used": false}, {"class_name": "polygon", "pointlist": [[32, 196], [0, 197], [0, 181], [32, 181], [32, 196]], "used": false}, {"class_name": "polygon", "pointlist": [[241, 182], [241, 196], [176, 195], [176, 182], [241, 182]], "used": false}, {"class_name": "polygon", "pointlist": [[191, 154], [77, 154], [77, 140], [191, 140], [191, 154]], "used": false}]