[{"class_name": "polygon", "pointlist": [[255, 255], [241, 255], [241, 255], [217, 254], [219, 221], [235, 222], [236, 213], [255, 214], [255, 255]], "used": false}, {"class_name": "polygon", "pointlist": [[222, 107], [222, 116], [209, 115], [210, 106], [222, 107]], "used": false}, {"class_name": "polygon", "pointlist": [[248, 145], [247, 163], [229, 163], [230, 145], [248, 145]], "used": false}, {"class_name": "polygon", "pointlist": [[207, 205], [206, 219], [193, 219], [195, 204], [207, 205]], "used": false}, {"class_name": "polygon", "pointlist": [[255, 40], [221, 38], [225, 0], [246, 0], [253, 0], [252, 9], [255, 9], [255, 40]], "used": false}, {"class_name": "polygon", "pointlist": [[190, 230], [189, 251], [160, 248], [160, 242], [105, 239], [109, 199], [160, 202], [158, 228], [190, 230]], "used": false}, {"class_name": "polygon", "pointlist": [[172, 130], [172, 138], [153, 137], [154, 129], [172, 130]], "used": false}, {"class_name": "polygon", "pointlist": [[54, 122], [52, 145], [13, 143], [15, 119], [54, 122]], "used": false}, {"class_name": "polygon", "pointlist": [[90, 0], [87, 25], [33, 20], [36, 3], [3, 2], [3, 0], [90, 0]], "used": false}, {"class_name": "polygon", "pointlist": [[202, 172], [202, 188], [183, 186], [202, 172]], "used": false}, {"class_name": "polygon", "pointlist": [[115, 167], [131, 183], [113, 181], [115, 167]], "used": false}, {"class_name": "polygon", "pointlist": [[224, 93], [224, 102], [212, 102], [212, 93], [224, 93]], "used": false}, {"class_name": "polygon", "pointlist": [[159, 38], [158, 50], [135, 49], [135, 37], [159, 38]], "used": false}, {"class_name": "polygon", "pointlist": [[90, 200], [85, 240], [9, 234], [13, 195], [90, 200]], "used": false}, {"class_name": "polygon", "pointlist": [[125, 55], [125, 67], [111, 67], [112, 55], [125, 55]], "used": false}, {"class_name": "polygon", "pointlist": [[205, 0], [201, 28], [130, 21], [131, 12], [119, 10], [115, 10], [117, 0], [205, 0]], "used": false}]