[{"class_name": "polygon", "pointlist": [[182, 109], [182, 99], [199, 99], [199, 109], [182, 109]], "used": false}, {"class_name": "polygon", "pointlist": [[90, 161], [90, 153], [87, 153], [87, 113], [106, 113], [117, 113], [117, 132], [143, 131], [143, 153], [102, 153], [102, 161], [90, 161]], "used": false}, {"class_name": "polygon", "pointlist": [[243, 216], [243, 204], [255, 204], [255, 255], [244, 255], [243, 216]], "used": false}, {"class_name": "polygon", "pointlist": [[0, 212], [1, 212], [1, 222], [15, 222], [15, 241], [1, 241], [1, 255], [0, 255], [0, 212]], "used": false}, {"class_name": "polygon", "pointlist": [[230, 152], [231, 112], [255, 112], [255, 152], [230, 152]], "used": false}, {"class_name": "polygon", "pointlist": [[188, 164], [188, 152], [158, 152], [158, 114], [180, 114], [180, 134], [196, 134], [196, 114], [212, 114], [212, 152], [212, 164], [188, 164]], "used": false}, {"class_name": "polygon", "pointlist": [[89, 1], [90, 9], [72, 9], [72, 18], [62, 18], [63, 34], [35, 35], [34, 1], [89, 1]], "used": false}, {"class_name": "polygon", "pointlist": [[176, 255], [176, 223], [204, 223], [204, 217], [230, 216], [231, 255], [212, 255], [212, 243], [201, 243], [201, 255], [176, 255]], "used": false}, {"class_name": "polygon", "pointlist": [[121, 17], [121, 4], [166, 5], [165, 36], [137, 35], [136, 17], [128, 17], [121, 17]], "used": false}, {"class_name": "polygon", "pointlist": [[255, 10], [253, 10], [253, 0], [255, 0], [255, 10]], "used": false}, {"class_name": "polygon", "pointlist": [[-1, 1], [17, 1], [18, 34], [-1, 35], [-1, 1]], "used": false}, {"class_name": "polygon", "pointlist": [[37, 255], [37, 224], [90, 224], [91, 255], [73, 255], [73, 250], [60, 250], [60, 255], [37, 255]], "used": false}, {"class_name": "polygon", "pointlist": [[103, 247], [103, 236], [103, 220], [125, 221], [125, 205], [166, 205], [166, 221], [166, 242], [157, 242], [132, 241], [131, 255], [103, 255], [103, 247]], "used": false}, {"class_name": "polygon", "pointlist": [[19, 135], [18, 114], [59, 114], [72, 114], [71, 148], [71, 159], [44, 159], [44, 151], [19, 150], [19, 148], [19, 135]], "used": false}, {"class_name": "polygon", "pointlist": [[161, 171], [178, 171], [178, 183], [161, 183], [161, 171]], "used": false}, {"class_name": "polygon", "pointlist": [[183, 40], [180, 1], [224, 1], [225, 20], [208, 21], [210, 40], [183, 40]], "used": false}]