[{"class_name": "polygon", "pointlist": [[26, 52], [53, 62], [44, 76], [54, 79], [44, 98], [0, 82], [0, 80], [13, 57], [21, 61], [26, 52]], "used": false}, {"class_name": "polygon", "pointlist": [[7, 148], [3, 158], [11, 160], [9, 166], [23, 170], [16, 188], [0, 183], [0, 147], [7, 148]], "used": false}, {"class_name": "polygon", "pointlist": [[161, 249], [159, 255], [92, 255], [90, 255], [99, 230], [109, 231], [108, 237], [109, 237], [161, 249]], "used": false}, {"class_name": "polygon", "pointlist": [[255, 5], [226, 6], [226, 0], [255, 0], [255, 5]], "used": false}, {"class_name": "polygon", "pointlist": [[9, 201], [15, 196], [20, 201], [14, 205], [9, 201]], "used": false}, {"class_name": "polygon", "pointlist": [[119, 0], [105, 21], [96, 18], [94, 22], [76, 15], [79, 10], [55, 0], [119, 0]], "used": false}, {"class_name": "polygon", "pointlist": [[174, 195], [158, 231], [131, 223], [133, 217], [108, 209], [112, 201], [108, 200], [118, 179], [132, 183], [174, 195]], "used": false}, {"class_name": "polygon", "pointlist": [[189, 152], [183, 160], [189, 162], [176, 187], [123, 169], [132, 150], [152, 157], [160, 143], [189, 152]], "used": false}, {"class_name": "polygon", "pointlist": [[225, 118], [206, 149], [163, 133], [167, 125], [162, 124], [168, 114], [154, 108], [162, 93], [225, 118]], "used": false}, {"class_name": "polygon", "pointlist": [[197, 65], [207, 68], [212, 61], [236, 71], [230, 81], [236, 84], [223, 106], [182, 90], [171, 84], [186, 60], [197, 65]], "used": false}, {"class_name": "polygon", "pointlist": [[50, 110], [34, 141], [12, 133], [9, 138], [0, 135], [0, 93], [50, 110]], "used": false}, {"class_name": "polygon", "pointlist": [[47, 7], [98, 30], [85, 49], [73, 44], [67, 50], [56, 45], [52, 51], [26, 39], [31, 33], [21, 29], [32, 14], [39, 17], [47, 7]], "used": false}, {"class_name": "polygon", "pointlist": [[2, 202], [1, 237], [0, 237], [0, 202], [2, 202]], "used": false}, {"class_name": "polygon", "pointlist": [[226, 19], [240, 24], [241, 21], [241, 21], [255, 26], [255, 68], [236, 61], [239, 56], [213, 47], [218, 38], [215, 38], [226, 19]], "used": false}]