[{"class_name": "polygon", "pointlist": [[245, 169], [245, 182], [255, 182], [255, 220], [255, 220], [255, 241], [226, 242], [226, 220], [192, 221], [191, 170], [245, 169]], "used": false}, {"class_name": "polygon", "pointlist": [[255, 109], [255, 101], [255, 101], [255, 109], [255, 109]], "used": false}, {"class_name": "polygon", "pointlist": [[82, 246], [44, 247], [41, 194], [41, 187], [85, 185], [108, 185], [155, 183], [155, 195], [157, 226], [81, 228], [82, 246]], "used": false}, {"class_name": "polygon", "pointlist": [[84, 39], [113, 39], [113, 52], [84, 53], [84, 39]], "used": false}, {"class_name": "polygon", "pointlist": [[130, 51], [172, 51], [172, 99], [130, 99], [130, 51]], "used": false}, {"class_name": "polygon", "pointlist": [[161, 204], [173, 204], [173, 215], [161, 216], [161, 204]], "used": false}, {"class_name": "polygon", "pointlist": [[255, 13], [226, 13], [227, 23], [201, 24], [201, 18], [189, 19], [188, 0], [255, 0], [255, 13]], "used": false}, {"class_name": "polygon", "pointlist": [[0, 193], [10, 193], [10, 211], [0, 211], [0, 193]], "used": false}, {"class_name": "polygon", "pointlist": [[55, 33], [56, 89], [37, 90], [38, 107], [0, 108], [0, 34], [55, 33]], "used": false}, {"class_name": "polygon", "pointlist": [[255, 154], [254, 154], [253, 131], [255, 131], [255, 154]], "used": false}]