[{"class_name": "polygon", "pointlist": [[220, 434], [200, 468], [212, 480], [232, 444], [220, 434]], "used": false}, {"class_name": "polygon", "pointlist": [[238, 0], [248, 6], [250, 0], [238, 0]], "used": false}, {"class_name": "polygon", "pointlist": [[256, 272], [252, 272], [274, 206], [276, 208], [234, 186], [224, 218], [216, 216], [182, 310], [260, 350], [266, 330], [276, 332], [290, 292], [284, 288], [286, 284], [292, 262], [282, 254], [274, 282], [256, 272]], "used": false}, {"class_name": "polygon", "pointlist": [[228, 510], [184, 472], [176, 490], [154, 472], [142, 492], [134, 484], [120, 510], [228, 510]], "used": false}, {"class_name": "polygon", "pointlist": [[406, 364], [422, 230], [366, 220], [360, 262], [322, 256], [312, 346], [406, 364]], "used": false}, {"class_name": "polygon", "pointlist": [[100, 510], [122, 472], [46, 404], [0, 484], [6, 488], [0, 498], [0, 510], [100, 510]], "used": false}, {"class_name": "polygon", "pointlist": [[44, 72], [30, 122], [54, 134], [72, 86], [44, 72]], "used": false}, {"class_name": "polygon", "pointlist": [[208, 214], [210, 216], [210, 216], [210, 216], [226, 174], [172, 146], [168, 156], [162, 152], [156, 170], [140, 162], [136, 174], [120, 166], [94, 236], [180, 284], [204, 212], [208, 214]], "used": false}, {"class_name": "polygon", "pointlist": [[0, 462], [42, 390], [0, 352], [0, 462], [0, 328], [2, 322], [0, 320], [0, 328]], "used": false}, {"class_name": "polygon", "pointlist": [[0, 200], [22, 214], [18, 218], [50, 238], [52, 230], [80, 248], [124, 130], [80, 104], [62, 156], [18, 132], [0, 182], [0, 200]], "used": false}]