[{"class_name": "polygon", "pointlist": [[51, 102], [51, 68], [27, 68], [19, 68], [19, 43], [27, 43], [27, 32], [14, 32], [14, 9], [27, 9], [51, 9], [51, 0], [77, 0], [78, 102], [51, 102]], "used": false}, {"class_name": "polygon", "pointlist": [[146, 255], [156, 243], [181, 255], [146, 255]], "used": false}, {"class_name": "polygon", "pointlist": [[0, 247], [9, 247], [9, 246], [10, 245], [11, 244], [13, 244], [15, 244], [15, 245], [16, 246], [17, 247], [43, 247], [43, 235], [103, 235], [103, 247], [107, 247], [107, 255], [0, 255], [0, 247]], "used": false}]