[{"class_name": "polygon", "pointlist": [[108, 236], [117, 227], [124, 231], [113, 241], [108, 236]], "used": false}, {"class_name": "polygon", "pointlist": [[77, 55], [99, 67], [106, 59], [128, 72], [121, 79], [136, 88], [121, 103], [94, 88], [88, 95], [66, 82], [57, 92], [40, 82], [59, 60], [67, 65], [77, 55]], "used": false}, {"class_name": "polygon", "pointlist": [[131, 230], [140, 230], [139, 242], [130, 242], [131, 230]], "used": false}, {"class_name": "polygon", "pointlist": [[201, 193], [214, 196], [216, 191], [224, 194], [223, 198], [220, 203], [243, 209], [232, 236], [183, 224], [189, 207], [169, 201], [151, 196], [160, 174], [178, 179], [204, 186], [201, 193]], "used": false}, {"class_name": "polygon", "pointlist": [[204, 66], [188, 81], [172, 70], [189, 55], [162, 37], [197, 3], [239, 32], [204, 66]], "used": false}, {"class_name": "polygon", "pointlist": [[76, 255], [84, 247], [73, 241], [87, 228], [97, 234], [113, 243], [105, 251], [112, 255], [76, 255]], "used": false}, {"class_name": "polygon", "pointlist": [[107, 9], [107, 32], [92, 32], [92, 38], [53, 38], [53, 32], [53, 9], [44, 9], [44, 0], [119, 0], [119, 9], [107, 9]], "used": false}]