[{"class_name": "polygon", "pointlist": [[125, 25], [177, 25], [177, 34], [183, 34], [183, 50], [166, 50], [166, 54], [125, 54], [125, 25]], "used": false}, {"class_name": "polygon", "pointlist": [[89, 201], [89, 255], [63, 255], [49, 255], [49, 232], [35, 232], [35, 201], [49, 201], [63, 201], [89, 201]], "used": false}, {"class_name": "polygon", "pointlist": [[183, 119], [183, 132], [129, 132], [129, 102], [172, 102], [172, 119], [183, 119]], "used": false}, {"class_name": "polygon", "pointlist": [[243, 218], [243, 230], [236, 230], [236, 218], [243, 218]], "used": false}, {"class_name": "polygon", "pointlist": [[186, 8], [186, 19], [134, 19], [134, 0], [175, 0], [175, 8], [186, 8]], "used": false}, {"class_name": "polygon", "pointlist": [[81, -1], [81, 6], [90, 6], [90, 23], [81, 23], [35, 23], [35, -1], [81, -1]], "used": false}, {"class_name": "polygon", "pointlist": [[88, 47], [88, 103], [67, 103], [53, 103], [53, 73], [37, 73], [37, 46], [53, 46], [67, 46], [88, 47]], "used": false}, {"class_name": "polygon", "pointlist": [[127, 139], [177, 139], [177, 148], [184, 148], [184, 165], [166, 165], [166, 169], [127, 169], [127, 139]], "used": false}, {"class_name": "polygon", "pointlist": [[36, 145], [49, 145], [49, 119], [80, 119], [80, 159], [87, 159], [87, 177], [80, 177], [36, 177], [36, 145]], "used": false}, {"class_name": "polygon", "pointlist": [[182, 231], [182, 244], [130, 244], [130, 215], [171, 215], [171, 231], [182, 231]], "used": false}, {"class_name": "polygon", "pointlist": [[121, 65], [185, 65], [185, 94], [177, 94], [177, 90], [166, 90], [166, 94], [126, 94], [126, 84], [121, 84], [121, 65]], "used": false}, {"class_name": "polygon", "pointlist": [[124, 174], [183, 174], [183, 200], [161, 200], [161, 205], [124, 205], [124, 174]], "used": false}, {"class_name": "polygon", "pointlist": [[105, 38], [105, 46], [95, 46], [95, 38], [105, 38]], "used": false}, {"class_name": "polygon", "pointlist": [[125, 9], [125, 18], [116, 18], [116, 9], [125, 9]], "used": false}]