[{"class_name": "polygon", "pointlist": [[201, 0], [201, 62], [182, 62], [183, 0], [201, 0]], "used": false}, {"class_name": "polygon", "pointlist": [[201, 85], [200, 134], [180, 133], [181, 85], [201, 85]], "used": false}, {"class_name": "polygon", "pointlist": [[166, 0], [164, 26], [151, 26], [151, 28], [102, 26], [102, 24], [88, 23], [90, 0], [166, 0]], "used": false}, {"class_name": "polygon", "pointlist": [[247, 44], [246, 92], [227, 91], [228, 44], [247, 44]], "used": false}, {"class_name": "polygon", "pointlist": [[119, 33], [119, 36], [142, 37], [142, 35], [161, 36], [161, 38], [170, 38], [167, 68], [152, 68], [152, 76], [166, 77], [165, 105], [154, 104], [154, 113], [164, 114], [161, 146], [150, 146], [150, 148], [96, 145], [96, 143], [84, 143], [86, 110], [94, 111], [95, 101], [87, 100], [89, 72], [101, 73], [101, 63], [90, 62], [91, 34], [100, 34], [100, 32], [119, 33]], "used": false}, {"class_name": "polygon", "pointlist": [[245, 28], [227, 28], [227, 19], [245, 19], [245, 28]], "used": false}]