[{"class_name": "polygon", "pointlist": [[255, 235], [252, 237], [240, 223], [255, 212], [255, 235]], "used": false}, {"class_name": "polygon", "pointlist": [[208, 102], [206, 96], [199, 99], [193, 87], [173, 94], [160, 65], [174, 60], [171, 54], [156, 59], [151, 60], [143, 43], [201, 24], [205, 31], [211, 28], [224, 55], [218, 57], [229, 79], [236, 76], [242, 90], [208, 102]], "used": false}, {"class_name": "polygon", "pointlist": [[148, 8], [145, 2], [135, 5], [127, 8], [123, 0], [194, 0], [196, 5], [144, 23], [138, 11], [148, 8]], "used": false}, {"class_name": "polygon", "pointlist": [[29, 126], [20, 113], [10, 118], [-1, 100], [-1, 94], [7, 91], [2, 83], [52, 63], [63, 80], [52, 84], [69, 111], [29, 126]], "used": false}, {"class_name": "polygon", "pointlist": [[120, 255], [143, 247], [150, 255], [120, 255]], "used": false}, {"class_name": "polygon", "pointlist": [[244, 192], [234, 173], [209, 183], [201, 166], [224, 159], [214, 141], [196, 147], [187, 131], [241, 111], [246, 119], [243, 119], [250, 132], [253, 131], [255, 130], [255, 188], [244, 192]], "used": false}, {"class_name": "polygon", "pointlist": [[0, 224], [3, 227], [0, 228], [0, 224], [0, 238], [3, 237], [9, 249], [0, 252], [0, 238]], "used": false}, {"class_name": "polygon", "pointlist": [[42, 185], [37, 174], [32, 176], [20, 153], [26, 152], [20, 140], [82, 120], [90, 137], [83, 140], [67, 145], [71, 152], [86, 147], [96, 168], [42, 185]], "used": false}, {"class_name": "polygon", "pointlist": [[10, 0], [-1, 4], [-1, 0], [10, 0]], "used": false}, {"class_name": "polygon", "pointlist": [[1, 54], [-1, 51], [-1, 18], [22, 9], [32, 26], [23, 29], [38, 55], [8, 66], [3, 67], [-1, 62], [-1, 54], [1, 54]], "used": false}, {"class_name": "polygon", "pointlist": [[255, 24], [246, 3], [241, 5], [238, -1], [255, -1], [255, 24], [255, 42], [250, 29], [249, 27], [255, 25], [255, 42]], "used": false}, {"class_name": "polygon", "pointlist": [[88, 243], [80, 228], [77, 229], [69, 214], [73, 213], [65, 198], [113, 181], [122, 197], [111, 201], [126, 230], [88, 243]], "used": false}]