[{"class_name": "polygon", "pointlist": [[43, 219], [15, 177], [25, 166], [44, 147], [55, 162], [63, 153], [65, 151], [83, 178], [53, 208], [43, 219]], "used": false}, {"class_name": "polygon", "pointlist": [[255, 16], [255, 17], [255, 22], [255, 37], [230, 51], [218, 58], [212, 38], [204, 43], [198, 26], [206, 21], [201, 9], [213, 3], [221, -1], [255, -1], [255, 16]], "used": false}, {"class_name": "polygon", "pointlist": [[255, 224], [247, 223], [249, 188], [255, 189], [255, 224]], "used": false}, {"class_name": "polygon", "pointlist": [[197, 159], [140, 138], [151, 87], [209, 108], [197, 159]], "used": false}, {"class_name": "polygon", "pointlist": [[17, 212], [20, 222], [10, 227], [7, 218], [17, 212]], "used": false}, {"class_name": "polygon", "pointlist": [[110, 255], [124, 231], [132, 239], [138, 229], [166, 253], [165, 255], [110, 255]], "used": false}, {"class_name": "polygon", "pointlist": [[3, 255], [9, 247], [15, 255], [3, 255]], "used": false}, {"class_name": "polygon", "pointlist": [[78, 255], [54, 226], [89, 183], [90, 181], [121, 220], [119, 222], [92, 255], [78, 255]], "used": false}, {"class_name": "polygon", "pointlist": [[89, 23], [64, 23], [64, 0], [109, 0], [109, 10], [109, 23], [95, 23], [89, 23]], "used": false}, {"class_name": "polygon", "pointlist": [[62, 28], [47, 55], [44, 60], [27, 45], [30, 40], [9, 22], [22, 0], [58, 0], [61, 2], [51, 18], [62, 28]], "used": false}, {"class_name": "polygon", "pointlist": [[255, 110], [246, 116], [229, 65], [255, 51], [255, 110]], "used": false}, {"class_name": "polygon", "pointlist": [[255, 159], [253, 160], [245, 139], [255, 134], [253, 124], [255, 122], [255, 159]], "used": false}, {"class_name": "polygon", "pointlist": [[37, 98], [27, 103], [32, 117], [4, 131], [0, 133], [0, 67], [6, 64], [11, 79], [27, 70], [32, 67], [41, 96], [37, 98]], "used": false}, {"class_name": "polygon", "pointlist": [[135, 54], [115, 29], [141, -1], [161, -1], [181, 25], [159, 52], [155, 55], [144, 42], [135, 54]], "used": false}]