[{"class_name": "polygon", "pointlist": [[89, 32], [88, 0], [111, 0], [112, 32], [89, 32]], "used": false}, {"class_name": "polygon", "pointlist": [[178, 246], [177, 189], [217, 188], [218, 244], [178, 246]], "used": false}, {"class_name": "polygon", "pointlist": [[183, 9], [173, 9], [173, -1], [208, -1], [209, 38], [183, 38], [183, 9]], "used": false}, {"class_name": "polygon", "pointlist": [[51, 191], [51, 180], [62, 180], [62, 191], [51, 191]], "used": false}, {"class_name": "polygon", "pointlist": [[188, 138], [187, 72], [188, 72], [188, 57], [201, 57], [201, 71], [207, 71], [207, 89], [211, 89], [212, 137], [188, 138]], "used": false}, {"class_name": "polygon", "pointlist": [[15, 242], [7, 242], [7, 255], [0, 255], [0, 183], [15, 182], [15, 242]], "used": false}, {"class_name": "polygon", "pointlist": [[160, 70], [142, 70], [142, 60], [161, 60], [160, 70]], "used": false}, {"class_name": "polygon", "pointlist": [[79, 110], [78, 99], [84, 98], [84, 109], [79, 110]], "used": false}, {"class_name": "polygon", "pointlist": [[55, 255], [54, 233], [82, 232], [83, 255], [55, 255]], "used": false}, {"class_name": "polygon", "pointlist": [[94, 244], [93, 210], [111, 209], [112, 243], [94, 244]], "used": false}, {"class_name": "polygon", "pointlist": [[0, 0], [12, 0], [11, 24], [0, 24], [0, 0]], "used": false}, {"class_name": "polygon", "pointlist": [[90, 115], [90, 77], [112, 77], [112, 115], [90, 115]], "used": false}, {"class_name": "polygon", "pointlist": [[123, 52], [123, 43], [137, 42], [137, 51], [123, 52]], "used": false}, {"class_name": "polygon", "pointlist": [[74, 123], [74, 114], [84, 114], [84, 123], [74, 123]], "used": false}, {"class_name": "polygon", "pointlist": [[68, 154], [68, 142], [86, 142], [86, 154], [68, 154]], "used": false}, {"class_name": "polygon", "pointlist": [[35, 46], [16, 47], [17, 58], [0, 59], [0, 31], [34, 28], [35, 46]], "used": false}, {"class_name": "polygon", "pointlist": [[87, 167], [69, 166], [69, 156], [87, 157], [87, 167]], "used": false}]