[{"class_name": "polygon", "pointlist": [[19, 223], [0, 223], [0, 166], [19, 166], [19, 223]], "used": false}, {"class_name": "polygon", "pointlist": [[79, 222], [51, 223], [51, 236], [35, 236], [35, 223], [35, 218], [25, 218], [25, 209], [35, 208], [34, 165], [59, 165], [59, 174], [79, 173], [79, 222]], "used": false}, {"class_name": "polygon", "pointlist": [[24, 240], [24, 250], [15, 250], [15, 240], [24, 240]], "used": false}, {"class_name": "polygon", "pointlist": [[194, 218], [148, 218], [148, 161], [168, 162], [168, 167], [176, 167], [176, 172], [195, 172], [194, 218]], "used": false}, {"class_name": "polygon", "pointlist": [[147, 239], [148, 249], [140, 249], [140, 239], [147, 239]], "used": false}, {"class_name": "polygon", "pointlist": [[240, 212], [236, 212], [236, 222], [207, 222], [207, 212], [199, 212], [199, 171], [215, 171], [215, 161], [238, 161], [238, 181], [240, 181], [240, 212]], "used": false}, {"class_name": "polygon", "pointlist": [[127, 20], [122, 20], [122, 34], [84, 35], [84, 9], [93, 9], [92, 1], [113, 1], [113, 6], [122, 6], [127, 6], [127, 20]], "used": false}, {"class_name": "polygon", "pointlist": [[255, 31], [232, 31], [232, 2], [251, 1], [251, -1], [255, -1], [255, 31]], "used": false}, {"class_name": "polygon", "pointlist": [[67, 37], [14, 37], [14, 8], [39, 8], [39, 3], [55, 3], [55, 8], [67, 8], [67, 37]], "used": false}, {"class_name": "polygon", "pointlist": [[151, 143], [152, 160], [139, 160], [139, 143], [151, 143]], "used": false}, {"class_name": "polygon", "pointlist": [[137, 236], [137, 249], [125, 249], [125, 236], [137, 236]], "used": false}, {"class_name": "polygon", "pointlist": [[131, 221], [96, 221], [96, 210], [84, 210], [84, 174], [94, 174], [94, 168], [108, 168], [108, 163], [131, 162], [131, 221]], "used": false}]