[{"class_name": "polygon", "pointlist": [[288, 476], [288, 482], [284, 482], [284, 488], [262, 488], [262, 482], [258, 482], [258, 478], [246, 478], [246, 484], [236, 484], [236, 482], [196, 482], [196, 490], [172, 490], [172, 484], [144, 486], [144, 490], [122, 492], [122, 482], [88, 484], [90, 510], [462, 510], [460, 476], [424, 478], [424, 484], [410, 486], [408, 482], [376, 482], [376, 486], [348, 486], [348, 480], [310, 480], [310, 482], [308, 482], [304, 482], [302, 476], [288, 476]], "used": false}, {"class_name": "polygon", "pointlist": [[390, 368], [390, 342], [314, 342], [314, 368], [390, 368]], "used": false}, {"class_name": "polygon", "pointlist": [[254, 76], [254, 88], [216, 88], [216, 116], [232, 116], [232, 118], [232, 124], [218, 124], [218, 128], [220, 136], [232, 136], [232, 138], [232, 138], [232, 144], [216, 144], [216, 198], [232, 198], [232, 214], [216, 214], [216, 266], [234, 266], [234, 268], [234, 274], [218, 274], [218, 274], [218, 286], [232, 286], [232, 292], [216, 292], [216, 326], [252, 326], [254, 332], [324, 332], [324, 326], [328, 326], [362, 326], [362, 294], [346, 294], [346, 286], [358, 286], [358, 274], [346, 274], [346, 274], [344, 274], [346, 266], [362, 266], [366, 266], [366, 216], [362, 216], [344, 216], [344, 196], [362, 196], [366, 196], [366, 146], [360, 146], [344, 146], [344, 138], [356, 138], [356, 126], [344, 126], [344, 118], [360, 118], [360, 86], [326, 86], [326, 76], [254, 76]], "used": false}, {"class_name": "polygon", "pointlist": [[144, 166], [174, 166], [172, 72], [144, 72], [144, 166]], "used": false}, {"class_name": "polygon", "pointlist": [[256, 370], [256, 344], [180, 344], [180, 370], [256, 370]], "used": false}, {"class_name": "polygon", "pointlist": [[152, 344], [138, 344], [136, 368], [152, 368], [152, 344]], "used": false}, {"class_name": "polygon", "pointlist": [[510, 310], [510, 310], [510, 338], [510, 338], [510, 310]], "used": false}, {"class_name": "polygon", "pointlist": [[4, 432], [2, 510], [52, 510], [52, 432], [4, 432]], "used": false}, {"class_name": "polygon", "pointlist": [[146, 320], [176, 320], [176, 196], [146, 196], [146, 320]], "used": false}, {"class_name": "polygon", "pointlist": [[2, 0], [2, 58], [34, 58], [34, 0], [2, 0]], "used": false}, {"class_name": "polygon", "pointlist": [[0, 308], [30, 308], [28, 188], [0, 188], [0, 308]], "used": false}, {"class_name": "polygon", "pointlist": [[52, 0], [52, 16], [64, 16], [64, 22], [64, 40], [116, 40], [118, 22], [150, 22], [150, 40], [220, 40], [220, 22], [220, 22], [240, 24], [240, 40], [304, 42], [304, 24], [338, 24], [338, 48], [390, 48], [390, 16], [394, 16], [400, 16], [400, 0], [52, 0]], "used": false}, {"class_name": "polygon", "pointlist": [[398, 260], [406, 260], [406, 266], [406, 290], [460, 290], [460, 266], [494, 266], [494, 290], [510, 290], [510, 166], [496, 166], [496, 184], [494, 184], [460, 184], [462, 166], [408, 166], [408, 192], [398, 192], [398, 260]], "used": false}, {"class_name": "polygon", "pointlist": [[494, 426], [494, 510], [510, 510], [510, 426], [494, 426]], "used": false}, {"class_name": "polygon", "pointlist": [[450, 0], [450, 14], [460, 14], [460, 32], [454, 32], [454, 56], [460, 56], [460, 74], [446, 74], [446, 106], [460, 106], [510, 106], [510, 82], [510, 82], [510, 0], [450, 0]], "used": false}, {"class_name": "polygon", "pointlist": [[82, 88], [50, 88], [52, 298], [84, 298], [82, 88]], "used": false}, {"class_name": "polygon", "pointlist": [[0, 88], [0, 150], [32, 150], [32, 90], [0, 88]], "used": false}, {"class_name": "polygon", "pointlist": [[220, 420], [220, 446], [454, 446], [454, 420], [220, 420]], "used": false}]