[{"class_name": "polygon", "pointlist": [[53, 150], [22, 150], [22, 156], [9, 156], [9, 153], [0, 153], [0, 97], [6, 97], [6, 90], [20, 90], [20, 96], [52, 96], [53, 150]], "used": false}, {"class_name": "polygon", "pointlist": [[144, -1], [144, 1], [110, 2], [110, 0], [144, -1]], "used": false}, {"class_name": "polygon", "pointlist": [[177, 108], [158, 108], [158, 113], [154, 113], [154, 121], [148, 121], [148, 132], [115, 133], [115, 116], [124, 116], [124, 81], [177, 80], [177, 108]], "used": false}, {"class_name": "polygon", "pointlist": [[55, 247], [26, 247], [26, 253], [12, 253], [12, 249], [0, 249], [0, 194], [9, 194], [9, 186], [24, 186], [24, 193], [55, 193], [55, 247]], "used": false}, {"class_name": "polygon", "pointlist": [[174, 236], [156, 236], [156, 242], [149, 242], [149, 249], [145, 249], [145, 255], [120, 255], [120, 209], [174, 208], [174, 236]], "used": false}, {"class_name": "polygon", "pointlist": [[0, 1], [12, 1], [12, 20], [0, 20], [0, 1]], "used": false}, {"class_name": "polygon", "pointlist": [[173, 69], [123, 68], [124, 15], [161, 15], [161, 44], [173, 44], [173, 69]], "used": false}, {"class_name": "polygon", "pointlist": [[14, 74], [13, 55], [74, 50], [75, 68], [14, 74]], "used": false}, {"class_name": "polygon", "pointlist": [[174, 196], [125, 195], [125, 184], [132, 184], [132, 173], [128, 173], [129, 143], [161, 143], [160, 171], [175, 172], [174, 196]], "used": false}, {"class_name": "polygon", "pointlist": [[26, 20], [26, 0], [74, 0], [74, 20], [26, 20]], "used": false}]