[{"class_name": "polygon", "pointlist": [[249, 23], [249, 29], [255, 29], [255, 46], [249, 46], [249, 50], [225, 50], [225, 45], [198, 45], [198, 23], [249, 23]], "used": false}, {"class_name": "polygon", "pointlist": [[102, 126], [102, 129], [109, 129], [109, 150], [99, 150], [99, 148], [86, 148], [86, 150], [86, 158], [78, 158], [78, 154], [53, 154], [46, 154], [46, 129], [53, 129], [53, 126], [102, 126]], "used": false}, {"class_name": "polygon", "pointlist": [[104, 47], [104, 49], [110, 49], [110, 71], [103, 71], [103, 69], [85, 69], [85, 76], [76, 76], [76, 73], [52, 73], [52, 47], [104, 47]], "used": false}, {"class_name": "polygon", "pointlist": [[88, 0], [88, 3], [65, 3], [65, 0], [88, 0]], "used": false}, {"class_name": "polygon", "pointlist": [[197, 125], [192, 125], [192, 105], [197, 105], [221, 105], [221, 99], [244, 99], [244, 125], [197, 125]], "used": false}, {"class_name": "polygon", "pointlist": [[242, 132], [242, 160], [215, 160], [215, 155], [190, 155], [190, 132], [242, 132]], "used": false}, {"class_name": "polygon", "pointlist": [[78, 80], [78, 85], [85, 85], [85, 88], [100, 88], [100, 107], [55, 107], [55, 80], [78, 80]], "used": false}, {"class_name": "polygon", "pointlist": [[250, 0], [250, 0], [255, 0], [255, 15], [250, 15], [201, 15], [201, 0], [250, 0]], "used": false}, {"class_name": "polygon", "pointlist": [[81, 11], [81, 17], [102, 17], [102, 20], [113, 20], [113, 40], [102, 40], [102, 38], [56, 38], [47, 38], [47, 26], [56, 26], [56, 11], [81, 11]], "used": false}]