[{"class_name": "polygon", "pointlist": [[160, 201], [209, 200], [210, 245], [166, 246], [166, 231], [166, 231], [166, 225], [166, 225], [160, 225], [160, 201]], "used": false}, {"class_name": "polygon", "pointlist": [[165, 179], [167, 179], [167, 169], [174, 169], [174, 160], [181, 160], [181, 146], [205, 145], [205, 159], [219, 159], [220, 190], [206, 190], [206, 193], [165, 193], [165, 179]], "used": false}, {"class_name": "polygon", "pointlist": [[179, 26], [203, 26], [203, 27], [203, 74], [163, 74], [163, 60], [166, 60], [166, 49], [172, 49], [172, 40], [179, 40], [179, 26]], "used": false}, {"class_name": "polygon", "pointlist": [[248, 80], [248, 73], [254, 73], [254, 80], [248, 80]], "used": false}, {"class_name": "polygon", "pointlist": [[210, 80], [210, 125], [161, 125], [161, 115], [160, 115], [160, 96], [158, 96], [158, 81], [210, 80]], "used": false}, {"class_name": "polygon", "pointlist": [[202, 0], [202, 14], [161, 15], [161, 0], [202, 0]], "used": false}]