[{"class_name": "polygon", "pointlist": [[4, 9], [4, 0], [9, 0], [9, 9], [4, 9]], "used": false}, {"class_name": "polygon", "pointlist": [[197, -1], [197, 3], [184, 3], [184, -1], [197, -1]], "used": false}, {"class_name": "polygon", "pointlist": [[242, 189], [219, 255], [183, 255], [195, 221], [203, 225], [206, 218], [197, 214], [211, 176], [220, 179], [221, 177], [242, 189]], "used": false}, {"class_name": "polygon", "pointlist": [[75, 249], [68, 249], [68, 255], [32, 255], [31, 250], [22, 250], [21, 221], [30, 221], [29, 174], [20, 175], [20, 145], [28, 145], [27, 123], [65, 121], [66, 144], [71, 144], [72, 173], [66, 173], [67, 219], [74, 219], [75, 249]], "used": false}, {"class_name": "polygon", "pointlist": [[255, 162], [243, 162], [243, 152], [238, 152], [238, 161], [205, 161], [205, 152], [201, 152], [201, 122], [254, 122], [254, 118], [255, 118], [255, 162]], "used": false}]