[{"class_name": "polygon", "pointlist": [[186, 302], [186, 286], [234, 286], [234, 212], [186, 212], [186, 192], [126, 192], [126, 210], [120, 210], [120, 302], [186, 302]], "used": false}, {"class_name": "polygon", "pointlist": [[480, 306], [480, 294], [510, 296], [510, 214], [470, 214], [470, 232], [432, 230], [432, 306], [480, 306]], "used": false}, {"class_name": "polygon", "pointlist": [[468, 204], [470, 184], [448, 184], [448, 204], [468, 204]], "used": false}, {"class_name": "polygon", "pointlist": [[204, 510], [204, 480], [140, 480], [140, 468], [96, 468], [96, 480], [96, 510], [204, 510]], "used": false}, {"class_name": "polygon", "pointlist": [[484, 116], [486, 100], [510, 102], [510, 6], [456, 6], [454, 100], [460, 100], [460, 116], [484, 116]], "used": false}, {"class_name": "polygon", "pointlist": [[510, 458], [418, 460], [420, 510], [406, 510], [406, 510], [510, 510], [510, 458]], "used": false}, {"class_name": "polygon", "pointlist": [[42, 304], [42, 294], [78, 294], [80, 210], [0, 210], [0, 302], [42, 304]], "used": false}, {"class_name": "polygon", "pointlist": [[70, 510], [70, 472], [0, 470], [0, 510], [70, 510]], "used": false}, {"class_name": "polygon", "pointlist": [[246, 34], [260, 24], [234, 0], [174, 0], [90, 60], [130, 96], [146, 86], [190, 124], [274, 66], [240, 38], [246, 34]], "used": false}, {"class_name": "polygon", "pointlist": [[384, 300], [382, 210], [276, 212], [276, 262], [328, 262], [330, 302], [384, 300]], "used": false}, {"class_name": "polygon", "pointlist": [[434, 152], [434, 40], [372, 40], [372, 88], [278, 88], [278, 142], [320, 142], [320, 146], [360, 146], [360, 152], [434, 152]], "used": false}]