[{"class_name": "polygon", "pointlist": [[68, 80], [69, 134], [27, 135], [27, 129], [0, 129], [0, 81], [35, 81], [35, 69], [68, 69], [68, 80]], "used": false}, {"class_name": "polygon", "pointlist": [[0, 248], [31, 248], [31, 232], [59, 232], [58, 255], [0, 255], [0, 248]], "used": false}, {"class_name": "polygon", "pointlist": [[104, 154], [60, 155], [59, 136], [73, 135], [73, 128], [103, 127], [104, 154]], "used": false}, {"class_name": "polygon", "pointlist": [[177, 26], [230, 55], [212, 79], [207, 75], [167, 123], [172, 125], [179, 129], [160, 151], [125, 131], [134, 120], [109, 108], [122, 92], [114, 89], [124, 78], [120, 75], [134, 59], [139, 62], [148, 50], [141, 46], [158, 26], [171, 34], [177, 26]], "used": false}, {"class_name": "polygon", "pointlist": [[255, 18], [239, 18], [238, 0], [255, 0], [255, 18]], "used": false}, {"class_name": "polygon", "pointlist": [[198, 245], [199, 255], [175, 255], [175, 246], [198, 245], [98, 255], [98, 247], [135, 247], [135, 255], [98, 255]], "used": false}]