[{"class_name": "polygon", "pointlist": [[213, 51], [214, 0], [248, -1], [247, 44], [237, 44], [236, 51], [213, 51]], "used": false}, {"class_name": "polygon", "pointlist": [[128, 183], [129, 138], [153, 139], [153, 148], [163, 148], [161, 184], [128, 183]], "used": false}, {"class_name": "polygon", "pointlist": [[247, 177], [249, 160], [255, 160], [255, 188], [253, 188], [254, 177], [247, 177]], "used": false}, {"class_name": "polygon", "pointlist": [[252, 255], [253, 249], [234, 248], [236, 227], [255, 228], [255, 255], [252, 255]], "used": false}, {"class_name": "polygon", "pointlist": [[80, 36], [83, 0], [119, 0], [116, 28], [108, 28], [107, 37], [80, 36]], "used": false}, {"class_name": "polygon", "pointlist": [[251, 154], [251, 134], [255, 134], [255, 154], [251, 154]], "used": false}, {"class_name": "polygon", "pointlist": [[247, 224], [249, 201], [255, 202], [255, 224], [247, 224]], "used": false}, {"class_name": "polygon", "pointlist": [[135, 28], [135, 22], [121, 22], [122, 3], [125, 3], [125, 0], [162, 0], [161, 27], [161, 28], [141, 28], [135, 28]], "used": false}, {"class_name": "polygon", "pointlist": [[77, 179], [79, 134], [102, 135], [101, 144], [112, 144], [110, 180], [77, 179]], "used": false}, {"class_name": "polygon", "pointlist": [[108, 227], [108, 220], [92, 220], [93, 196], [154, 198], [153, 222], [137, 221], [136, 228], [108, 227]], "used": false}, {"class_name": "polygon", "pointlist": [[172, 32], [172, 11], [176, 12], [176, 0], [206, 0], [205, 50], [182, 49], [183, 35], [177, 35], [177, 32], [172, 32]], "used": false}, {"class_name": "polygon", "pointlist": [[79, 255], [80, 231], [125, 233], [125, 242], [145, 243], [144, 255], [79, 255]], "used": false}]