[{"class_name": "polygon", "pointlist": [[144, 205], [144, 212], [178, 212], [178, 247], [140, 247], [140, 242], [111, 242], [111, 239], [87, 239], [87, 215], [107, 215], [107, 205], [144, 205]], "used": false}, {"class_name": "polygon", "pointlist": [[8, 162], [0, 162], [0, 141], [8, 141], [8, 162]], "used": false}, {"class_name": "polygon", "pointlist": [[192, 162], [160, 162], [160, 155], [171, 155], [171, 152], [192, 152], [192, 162]], "used": false}, {"class_name": "polygon", "pointlist": [[44, 197], [33, 205], [23, 195], [34, 188], [44, 197]], "used": false}, {"class_name": "polygon", "pointlist": [[209, 133], [182, 133], [182, 111], [209, 111], [209, 133]], "used": false}, {"class_name": "polygon", "pointlist": [[224, 163], [201, 163], [201, 151], [224, 151], [224, 163]], "used": false}, {"class_name": "polygon", "pointlist": [[0, 215], [27, 215], [27, 230], [38, 230], [38, 255], [0, 255], [0, 215]], "used": false}, {"class_name": "polygon", "pointlist": [[255, 247], [249, 247], [250, 218], [255, 218], [255, 247], [255, 201], [251, 201], [251, 177], [255, 177], [255, 201]], "used": false}, {"class_name": "polygon", "pointlist": [[255, 165], [226, 164], [226, 155], [231, 155], [231, 133], [255, 134], [255, 165]], "used": false}, {"class_name": "polygon", "pointlist": [[255, 78], [245, 78], [245, 55], [255, 55], [255, 78]], "used": false}, {"class_name": "polygon", "pointlist": [[66, 227], [53, 227], [53, 218], [66, 218], [66, 227]], "used": false}, {"class_name": "polygon", "pointlist": [[60, 91], [60, 97], [80, 97], [84, 97], [84, 91], [100, 91], [100, 96], [100, 97], [127, 97], [127, 96], [145, 96], [145, 128], [85, 128], [85, 133], [48, 133], [48, 129], [0, 129], [0, 90], [60, 90], [60, 91]], "used": false}, {"class_name": "polygon", "pointlist": [[67, 211], [56, 211], [56, 206], [67, 206], [67, 211]], "used": false}]