[{"class_name": "polygon", "pointlist": [[85, 183], [81, 173], [70, 176], [47, 114], [77, 107], [81, 119], [105, 113], [124, 162], [109, 166], [111, 170], [96, 174], [99, 180], [85, 183]], "used": false}, {"class_name": "polygon", "pointlist": [[207, 255], [203, 239], [227, 236], [224, 221], [255, 216], [255, 221], [255, 255], [207, 255]], "used": false}, {"class_name": "polygon", "pointlist": [[148, 161], [146, 155], [137, 157], [125, 118], [138, 115], [136, 106], [175, 98], [177, 107], [182, 106], [184, 114], [180, 115], [189, 147], [177, 149], [178, 155], [148, 161]], "used": false}, {"class_name": "polygon", "pointlist": [[253, 72], [255, 71], [255, 91], [253, 72]], "used": false}, {"class_name": "polygon", "pointlist": [[177, 40], [171, 28], [160, 32], [143, 0], [203, 0], [211, 15], [216, 27], [177, 40]], "used": false}, {"class_name": "polygon", "pointlist": [[136, 255], [151, 253], [148, 245], [170, 241], [184, 237], [186, 244], [190, 255], [136, 255]], "used": false}, {"class_name": "polygon", "pointlist": [[247, 32], [243, 26], [236, 29], [218, 0], [255, -1], [255, 29], [247, 32]], "used": false}, {"class_name": "polygon", "pointlist": [[-1, 23], [1, 22], [13, 64], [7, 66], [10, 75], [-1, 77], [-1, 23]], "used": false}, {"class_name": "polygon", "pointlist": [[26, 8], [61, 0], [61, 0], [84, 73], [30, 84], [10, 24], [30, 20], [26, 8]], "used": false}, {"class_name": "polygon", "pointlist": [[218, 149], [216, 143], [201, 144], [193, 107], [192, 102], [210, 100], [208, 94], [247, 88], [255, 131], [255, 136], [243, 137], [245, 144], [218, 149]], "used": false}, {"class_name": "polygon", "pointlist": [[32, 192], [26, 183], [3, 191], [0, 186], [0, 153], [15, 147], [14, 143], [7, 131], [27, 124], [34, 135], [61, 181], [47, 186], [49, 189], [33, 195], [32, 192]], "used": false}, {"class_name": "polygon", "pointlist": [[113, 58], [108, 47], [93, 51], [74, 8], [101, 0], [128, 0], [139, 26], [144, 26], [150, 38], [145, 38], [149, 48], [113, 58]], "used": false}, {"class_name": "polygon", "pointlist": [[0, 203], [1, 203], [0, 204], [0, 203]], "used": false}]