[{"class_name": "polygon", "pointlist": [[4, 4], [17, 5], [61, 7], [61, 31], [52, 31], [52, 35], [61, 35], [61, 54], [16, 51], [17, 18], [3, 18], [4, 4]], "used": false}, {"class_name": "polygon", "pointlist": [[148, 97], [154, 98], [154, 101], [177, 102], [177, 116], [185, 116], [185, 134], [177, 134], [176, 147], [139, 145], [140, 109], [143, 109], [143, 101], [148, 101], [148, 97]], "used": false}, {"class_name": "polygon", "pointlist": [[0, 191], [15, 192], [15, 218], [12, 218], [12, 246], [1, 246], [1, 255], [0, 255], [0, 191]], "used": false}, {"class_name": "polygon", "pointlist": [[141, 153], [175, 154], [173, 201], [138, 199], [137, 199], [137, 182], [138, 182], [139, 162], [140, 162], [141, 153]], "used": false}, {"class_name": "polygon", "pointlist": [[140, 75], [142, 75], [143, 47], [148, 48], [148, 44], [154, 45], [153, 48], [179, 49], [189, 49], [189, 76], [178, 76], [178, 93], [141, 92], [142, 85], [140, 85], [140, 75]], "used": false}, {"class_name": "polygon", "pointlist": [[134, 215], [136, 215], [137, 206], [171, 207], [170, 253], [152, 253], [152, 252], [148, 252], [148, 253], [142, 253], [142, 251], [137, 251], [137, 242], [136, 242], [136, 224], [134, 224], [134, 215]], "used": false}, {"class_name": "polygon", "pointlist": [[219, 199], [230, 206], [224, 223], [213, 216], [219, 199]], "used": false}, {"class_name": "polygon", "pointlist": [[15, 61], [57, 63], [56, 107], [29, 105], [29, 108], [13, 106], [13, 104], [15, 61]], "used": false}, {"class_name": "polygon", "pointlist": [[212, 102], [234, 102], [234, 107], [241, 107], [241, 102], [250, 102], [250, 126], [252, 126], [252, 149], [211, 148], [212, 102]], "used": false}, {"class_name": "polygon", "pointlist": [[255, 43], [221, 42], [222, 0], [255, 0], [255, 43]], "used": false}, {"class_name": "polygon", "pointlist": [[217, 49], [255, 49], [255, 73], [253, 73], [253, 92], [217, 93], [217, 49]], "used": false}, {"class_name": "polygon", "pointlist": [[183, 0], [181, 38], [144, 37], [144, 28], [143, 28], [143, 10], [143, 10], [143, 0], [183, 0]], "used": false}, {"class_name": "polygon", "pointlist": [[58, -1], [58, 0], [19, 0], [19, -1], [58, -1]], "used": false}, {"class_name": "polygon", "pointlist": [[19, 193], [42, 193], [42, 217], [52, 217], [51, 255], [15, 254], [16, 217], [19, 217], [19, 193]], "used": false}, {"class_name": "polygon", "pointlist": [[245, 193], [248, 183], [245, 181], [247, 174], [250, 176], [253, 168], [255, 169], [255, 221], [236, 210], [242, 191], [245, 193]], "used": false}, {"class_name": "polygon", "pointlist": [[191, 88], [195, 89], [195, 96], [190, 96], [191, 88]], "used": false}]