[{"class_name": "polygon", "pointlist": [[510, 122], [494, 122], [494, 168], [510, 168], [510, 122]], "used": false}, {"class_name": "polygon", "pointlist": [[412, 406], [410, 376], [450, 376], [450, 322], [430, 322], [430, 318], [376, 318], [376, 312], [358, 312], [356, 364], [364, 364], [364, 406], [412, 406]], "used": false}, {"class_name": "polygon", "pointlist": [[158, 230], [156, 212], [164, 212], [164, 126], [114, 126], [114, 144], [48, 144], [50, 212], [108, 212], [108, 230], [158, 230]], "used": false}, {"class_name": "polygon", "pointlist": [[190, 296], [80, 296], [78, 362], [136, 362], [136, 400], [190, 400], [190, 296]], "used": false}, {"class_name": "polygon", "pointlist": [[326, 408], [328, 362], [294, 360], [294, 316], [238, 316], [238, 320], [216, 320], [216, 378], [262, 378], [262, 406], [326, 408]], "used": false}, {"class_name": "polygon", "pointlist": [[458, 368], [476, 368], [476, 352], [458, 352], [458, 368]], "used": false}, {"class_name": "polygon", "pointlist": [[318, 224], [316, 140], [242, 140], [242, 124], [200, 124], [202, 232], [254, 232], [252, 226], [318, 224]], "used": false}, {"class_name": "polygon", "pointlist": [[510, 318], [492, 318], [494, 382], [510, 382], [510, 318]], "used": false}, {"class_name": "polygon", "pointlist": [[52, 366], [34, 262], [0, 264], [0, 372], [52, 366]], "used": false}, {"class_name": "polygon", "pointlist": [[428, 214], [428, 162], [460, 162], [462, 116], [390, 114], [390, 156], [344, 156], [344, 214], [428, 214]], "used": false}, {"class_name": "polygon", "pointlist": [[8, 220], [6, 150], [0, 150], [0, 220], [8, 220]], "used": false}, {"class_name": "polygon", "pointlist": [[446, 262], [476, 262], [476, 246], [446, 246], [446, 262]], "used": false}]