[{"class_name": "polygon", "pointlist": [[46, 0], [46, 16], [-1, 16], [-1, 0], [46, 0]], "used": false}, {"class_name": "polygon", "pointlist": [[0, 253], [63, 253], [63, 255], [0, 255], [0, 253]], "used": false}, {"class_name": "polygon", "pointlist": [[245, 91], [228, 79], [224, 84], [217, 79], [215, 81], [205, 73], [201, 78], [196, 74], [178, 61], [199, 43], [218, 55], [240, 33], [255, 45], [255, 80], [245, 91]], "used": false}, {"class_name": "polygon", "pointlist": [[10, 226], [11, 181], [54, 182], [53, 240], [29, 239], [29, 226], [10, 226]], "used": false}, {"class_name": "polygon", "pointlist": [[246, 20], [199, 15], [198, 18], [186, 16], [187, 14], [189, 0], [250, -1], [246, 20]], "used": false}, {"class_name": "polygon", "pointlist": [[-1, 34], [8, 37], [13, 38], [15, 34], [57, 46], [44, 76], [77, 85], [68, 103], [44, 96], [42, 99], [34, 97], [25, 94], [18, 109], [5, 105], [2, 113], [-1, 112], [-1, 34]], "used": false}, {"class_name": "polygon", "pointlist": [[207, 236], [207, 230], [163, 230], [163, 212], [163, 192], [205, 192], [245, 191], [245, 236], [207, 236]], "used": false}, {"class_name": "polygon", "pointlist": [[16, 239], [3, 239], [3, 230], [16, 230], [16, 239]], "used": false}]