[{"class_name": "polygon", "pointlist": [[19, 50], [19, 25], [61, 25], [61, 70], [35, 70], [34, 50], [19, 50]], "used": false}, {"class_name": "polygon", "pointlist": [[63, 17], [18, 17], [18, 0], [63, 0], [63, 17]], "used": false}, {"class_name": "polygon", "pointlist": [[72, 91], [72, 125], [72, 125], [20, 125], [20, 99], [34, 99], [34, 87], [37, 87], [37, 79], [73, 80], [73, 91], [72, 91]], "used": false}, {"class_name": "polygon", "pointlist": [[7, 255], [7, 247], [15, 247], [15, 255], [7, 255]], "used": false}, {"class_name": "polygon", "pointlist": [[23, 255], [23, 241], [70, 241], [70, 255], [23, 255]], "used": false}, {"class_name": "polygon", "pointlist": [[21, 156], [21, 133], [73, 132], [73, 165], [74, 165], [74, 176], [38, 177], [38, 156], [21, 156]], "used": false}, {"class_name": "polygon", "pointlist": [[81, 207], [75, 207], [75, 232], [23, 233], [22, 205], [42, 205], [42, 184], [75, 184], [81, 184], [81, 207]], "used": false}]