[{"class_name": "polygon", "pointlist": [[103, 139], [103, 154], [106, 154], [106, 167], [77, 166], [77, 172], [49, 172], [49, 150], [64, 150], [64, 146], [65, 122], [112, 123], [112, 139], [103, 139]], "used": false}, {"class_name": "polygon", "pointlist": [[143, 126], [143, 134], [131, 133], [131, 125], [143, 126]], "used": false}, {"class_name": "polygon", "pointlist": [[108, 13], [108, 16], [108, 16], [107, 47], [52, 46], [53, 15], [55, 15], [56, 0], [104, 0], [104, 13], [108, 13]], "used": false}, {"class_name": "polygon", "pointlist": [[169, 118], [160, 118], [159, 111], [169, 110], [169, 118]], "used": false}, {"class_name": "polygon", "pointlist": [[249, 0], [249, 14], [236, 14], [236, 45], [185, 45], [185, 0], [249, 0]], "used": false}, {"class_name": "polygon", "pointlist": [[103, 207], [103, 231], [55, 232], [55, 215], [48, 215], [47, 182], [107, 181], [108, 207], [103, 207]], "used": false}, {"class_name": "polygon", "pointlist": [[212, 230], [196, 230], [195, 182], [211, 182], [251, 182], [251, 229], [212, 230]], "used": false}, {"class_name": "polygon", "pointlist": [[176, 172], [163, 172], [163, 163], [176, 163], [176, 172]], "used": false}, {"class_name": "polygon", "pointlist": [[212, 121], [212, 128], [224, 128], [236, 128], [236, 148], [247, 148], [247, 169], [179, 169], [180, 128], [189, 128], [189, 121], [212, 121]], "used": false}, {"class_name": "polygon", "pointlist": [[110, 241], [110, 255], [49, 255], [49, 241], [110, 241]], "used": false}, {"class_name": "polygon", "pointlist": [[249, 240], [249, 255], [185, 255], [185, 240], [193, 240], [249, 240]], "used": false}]