[{"class_name": "polygon", "pointlist": [[255, 111], [224, 110], [224, 138], [255, 138], [255, 111]], "used": false}, {"class_name": "polygon", "pointlist": [[9, 232], [9, 217], [0, 217], [0, 232], [9, 232]], "used": false}, {"class_name": "polygon", "pointlist": [[3, 160], [3, 179], [36, 179], [37, 160], [3, 160]], "used": false}, {"class_name": "polygon", "pointlist": [[116, 51], [117, 151], [136, 176], [117, 195], [117, 255], [210, 255], [210, 70], [212, 70], [219, 70], [219, 50], [212, 50], [116, 51]], "used": false}]