[{"class_name": "polygon", "pointlist": [[47, 15], [47, 15], [40, 15], [41, 19], [31, 20], [31, 24], [-1, 25], [-1, 0], [68, 0], [63, 6], [78, 18], [59, 32], [44, 20], [49, 16], [47, 15]], "used": false}, {"class_name": "polygon", "pointlist": [[0, 143], [1, 143], [0, 159], [0, 143]], "used": false}, {"class_name": "polygon", "pointlist": [[233, 25], [233, 23], [195, 24], [195, 19], [176, 19], [176, 17], [173, 17], [172, 12], [176, 12], [175, 0], [255, -1], [255, 12], [250, 12], [251, 16], [251, 24], [233, 25]], "used": false}, {"class_name": "polygon", "pointlist": [[20, 255], [26, 250], [36, 255], [20, 255]], "used": false}, {"class_name": "polygon", "pointlist": [[255, 186], [250, 186], [250, 177], [244, 174], [234, 173], [234, 166], [234, 161], [234, 142], [240, 142], [240, 132], [251, 132], [255, 132], [255, 186]], "used": false}, {"class_name": "polygon", "pointlist": [[113, 188], [113, 180], [69, 180], [69, 137], [157, 137], [156, 160], [161, 160], [160, 180], [160, 185], [154, 185], [154, 180], [136, 180], [136, 189], [113, 188]], "used": false}, {"class_name": "polygon", "pointlist": [[220, 255], [239, 239], [250, 247], [255, 251], [255, 255], [220, 255]], "used": false}]