[{"class_name": "polygon", "pointlist": [[8, 14], [8, 42], [0, 42], [0, 96], [68, 96], [68, 64], [128, 64], [126, 38], [126, 38], [126, 26], [68, 26], [68, 12], [8, 14]], "used": false}, {"class_name": "polygon", "pointlist": [[198, 0], [198, 4], [168, 4], [168, 50], [198, 50], [200, 112], [300, 112], [320, 112], [320, 46], [312, 46], [312, 14], [292, 14], [292, 0], [198, 0]], "used": false}, {"class_name": "polygon", "pointlist": [[510, 158], [510, 158], [510, 184], [510, 184], [510, 158]], "used": false}, {"class_name": "polygon", "pointlist": [[210, 344], [214, 450], [312, 448], [310, 398], [316, 398], [320, 398], [320, 390], [332, 388], [332, 386], [332, 326], [312, 328], [312, 328], [226, 330], [226, 344], [210, 344]], "used": false}, {"class_name": "polygon", "pointlist": [[176, 296], [310, 296], [310, 224], [286, 224], [286, 188], [176, 188], [176, 296]], "used": false}, {"class_name": "polygon", "pointlist": [[204, 508], [204, 510], [332, 510], [328, 486], [224, 494], [226, 506], [204, 508]], "used": false}, {"class_name": "polygon", "pointlist": [[10, 496], [0, 498], [0, 510], [40, 510], [38, 502], [14, 506], [10, 496]], "used": false}]