[{"class_name": "polygon", "pointlist": [[418, 266], [378, 286], [382, 308], [344, 324], [308, 340], [328, 408], [322, 410], [330, 434], [368, 416], [366, 410], [406, 390], [402, 378], [446, 362], [418, 266]], "used": false}, {"class_name": "polygon", "pointlist": [[510, 480], [496, 494], [506, 510], [510, 510], [510, 480]], "used": false}, {"class_name": "polygon", "pointlist": [[156, 0], [156, 0], [180, 12], [168, 48], [134, 32], [118, 82], [150, 98], [178, 114], [216, 132], [222, 112], [226, 116], [236, 92], [228, 88], [230, 82], [242, 88], [270, 0], [156, 0]], "used": false}, {"class_name": "polygon", "pointlist": [[152, 338], [52, 332], [46, 510], [80, 510], [146, 510], [146, 506], [158, 506], [160, 472], [146, 472], [150, 406], [162, 408], [166, 338], [152, 338]], "used": false}, {"class_name": "polygon", "pointlist": [[510, 162], [510, 164], [510, 168], [510, 162], [510, 182], [500, 192], [494, 180], [474, 194], [460, 168], [418, 204], [474, 306], [482, 298], [490, 312], [510, 294], [502, 276], [510, 268], [510, 182]], "used": false}, {"class_name": "polygon", "pointlist": [[484, 84], [486, 46], [458, 44], [458, 84], [484, 84]], "used": false}, {"class_name": "polygon", "pointlist": [[452, 0], [494, 38], [510, 6], [510, 0], [452, 0]], "used": false}, {"class_name": "polygon", "pointlist": [[212, 180], [204, 176], [208, 154], [98, 106], [80, 172], [90, 178], [82, 204], [74, 200], [52, 274], [162, 320], [170, 324], [176, 326], [194, 262], [188, 260], [196, 232], [188, 226], [196, 196], [204, 200], [212, 180]], "used": false}]