[{"class_name": "polygon", "pointlist": [[402, 356], [400, 268], [306, 268], [306, 306], [290, 306], [290, 322], [306, 322], [306, 356], [402, 356]], "used": false}, {"class_name": "polygon", "pointlist": [[0, 334], [12, 334], [16, 276], [0, 276], [0, 334]], "used": false}, {"class_name": "polygon", "pointlist": [[230, 354], [230, 334], [270, 334], [270, 274], [172, 274], [172, 354], [230, 354]], "used": false}, {"class_name": "polygon", "pointlist": [[316, 510], [316, 506], [292, 506], [292, 490], [314, 488], [312, 466], [290, 466], [290, 448], [216, 452], [216, 510], [316, 510]], "used": false}, {"class_name": "polygon", "pointlist": [[510, 276], [428, 276], [428, 352], [510, 352], [510, 276]], "used": false}, {"class_name": "polygon", "pointlist": [[352, 72], [354, 36], [404, 36], [406, 0], [308, 0], [308, 28], [300, 28], [298, 72], [352, 72]], "used": false}, {"class_name": "polygon", "pointlist": [[438, 0], [438, 24], [422, 24], [424, 72], [482, 72], [482, 36], [510, 36], [510, 0], [438, 0]], "used": false}, {"class_name": "polygon", "pointlist": [[94, 70], [96, 36], [150, 38], [152, 0], [46, 0], [44, 70], [94, 70]], "used": false}, {"class_name": "polygon", "pointlist": [[82, 352], [82, 332], [146, 332], [146, 276], [94, 276], [94, 242], [40, 242], [40, 286], [48, 286], [46, 352], [82, 352]], "used": false}, {"class_name": "polygon", "pointlist": [[158, 510], [156, 460], [84, 460], [86, 510], [158, 510]], "used": false}, {"class_name": "polygon", "pointlist": [[24, 72], [24, 0], [0, 0], [0, 72], [24, 72]], "used": false}, {"class_name": "polygon", "pointlist": [[278, 36], [278, 0], [180, 0], [180, 30], [174, 30], [174, 74], [226, 72], [226, 36], [278, 36]], "used": false}]