[{"class_name": "polygon", "pointlist": [[231, 67], [230, -1], [255, -1], [255, 67], [231, 67]], "used": false}, {"class_name": "polygon", "pointlist": [[233, 255], [236, 236], [255, 237], [255, 238], [255, 242], [255, 242], [255, 255], [233, 255]], "used": false}, {"class_name": "polygon", "pointlist": [[255, 161], [255, 157], [232, 157], [232, 106], [255, 106], [255, 161], [255, 161]], "used": false}, {"class_name": "polygon", "pointlist": [[76, 133], [76, 110], [88, 110], [88, 94], [152, 95], [152, 112], [146, 112], [146, 118], [152, 118], [152, 143], [88, 143], [88, 133], [76, 133]], "used": false}, {"class_name": "polygon", "pointlist": [[75, 210], [74, 161], [141, 160], [142, 181], [136, 181], [136, 189], [142, 189], [153, 189], [154, 208], [75, 210]], "used": false}, {"class_name": "polygon", "pointlist": [[65, 19], [65, 8], [62, 8], [62, 0], [136, 0], [136, 18], [65, 19]], "used": false}, {"class_name": "polygon", "pointlist": [[69, 255], [69, 239], [146, 238], [146, 255], [69, 255]], "used": false}, {"class_name": "polygon", "pointlist": [[149, 84], [149, 84], [80, 84], [79, 73], [68, 73], [68, 46], [64, 46], [64, 31], [149, 31], [149, 44], [152, 44], [152, 57], [149, 57], [144, 57], [144, 64], [149, 64], [153, 64], [153, 76], [153, 84], [149, 84]], "used": false}]