[{"class_name": "polygon", "pointlist": [[498, 282], [496, 338], [510, 338], [510, 282], [498, 282]], "used": false}, {"class_name": "polygon", "pointlist": [[98, 84], [200, 86], [198, 18], [158, 18], [158, 0], [60, 0], [58, 52], [98, 52], [98, 84]], "used": false}, {"class_name": "polygon", "pointlist": [[506, 214], [504, 266], [510, 266], [510, 214], [506, 214]], "used": false}, {"class_name": "polygon", "pointlist": [[76, 200], [76, 254], [98, 256], [96, 280], [96, 290], [196, 290], [216, 290], [216, 254], [196, 254], [196, 216], [192, 216], [192, 208], [178, 208], [178, 216], [114, 216], [114, 200], [76, 200]], "used": false}, {"class_name": "polygon", "pointlist": [[510, 378], [510, 402], [510, 402], [510, 352], [476, 350], [474, 376], [510, 378]], "used": false}, {"class_name": "polygon", "pointlist": [[88, 306], [88, 344], [52, 344], [52, 400], [98, 400], [98, 378], [206, 378], [206, 332], [184, 332], [184, 306], [88, 306]], "used": false}, {"class_name": "polygon", "pointlist": [[498, 432], [498, 440], [480, 440], [478, 474], [496, 474], [496, 488], [510, 488], [510, 432], [498, 432]], "used": false}, {"class_name": "polygon", "pointlist": [[82, 470], [82, 502], [148, 502], [148, 506], [180, 506], [180, 470], [196, 470], [196, 430], [180, 430], [134, 430], [134, 412], [44, 412], [44, 470], [82, 470]], "used": false}, {"class_name": "polygon", "pointlist": [[508, 144], [506, 200], [510, 200], [510, 144], [508, 144]], "used": false}, {"class_name": "polygon", "pointlist": [[486, 508], [486, 510], [510, 510], [510, 506], [486, 508]], "used": false}, {"class_name": "polygon", "pointlist": [[230, 78], [270, 80], [270, 52], [232, 52], [230, 78]], "used": false}, {"class_name": "polygon", "pointlist": [[112, 98], [112, 128], [64, 128], [64, 194], [112, 194], [112, 176], [210, 176], [210, 98], [112, 98]], "used": false}]