[{"class_name": "polygon", "pointlist": [[123, 201], [124, 224], [147, 224], [147, 242], [84, 243], [84, 222], [76, 222], [75, 202], [84, 202], [123, 201]], "used": false}, {"class_name": "polygon", "pointlist": [[217, 74], [217, 80], [221, 80], [221, 113], [192, 113], [192, 133], [168, 133], [168, 80], [201, 80], [201, 74], [217, 74]], "used": false}, {"class_name": "polygon", "pointlist": [[255, 114], [230, 114], [230, 82], [255, 82], [255, 114]], "used": false}, {"class_name": "polygon", "pointlist": [[157, 70], [158, 133], [136, 133], [136, 113], [103, 114], [103, 82], [128, 82], [128, 70], [157, 70]], "used": false}, {"class_name": "polygon", "pointlist": [[90, 65], [87, 122], [44, 119], [47, 80], [72, 82], [72, 64], [90, 65]], "used": false}, {"class_name": "polygon", "pointlist": [[9, 195], [9, 197], [23, 197], [24, 214], [9, 214], [9, 228], [0, 228], [0, 193], [9, 193], [9, 195]], "used": false}, {"class_name": "polygon", "pointlist": [[123, 253], [123, 255], [82, 255], [82, 253], [123, 253]], "used": false}, {"class_name": "polygon", "pointlist": [[28, 241], [27, 255], [0, 255], [0, 241], [28, 241]], "used": false}, {"class_name": "polygon", "pointlist": [[255, 236], [243, 236], [243, 203], [243, 200], [255, 200], [255, 236]], "used": false}, {"class_name": "polygon", "pointlist": [[30, 90], [26, 127], [1, 125], [2, 119], [0, 119], [0, 81], [4, 81], [3, 89], [30, 90]], "used": false}]