[{"class_name": "polygon", "pointlist": [[10, 506], [16, 506], [16, 510], [98, 510], [98, 492], [60, 490], [52, 490], [52, 478], [10, 476], [10, 488], [10, 506]], "used": false}, {"class_name": "polygon", "pointlist": [[0, 228], [8, 228], [8, 226], [8, 146], [0, 146], [0, 228]], "used": false}, {"class_name": "polygon", "pointlist": [[320, 272], [326, 272], [326, 274], [408, 274], [408, 226], [446, 226], [446, 170], [326, 170], [326, 198], [322, 198], [322, 244], [320, 244], [320, 272]], "used": false}, {"class_name": "polygon", "pointlist": [[332, 0], [332, 14], [406, 14], [406, 0], [332, 0]], "used": false}, {"class_name": "polygon", "pointlist": [[12, 110], [12, 92], [0, 92], [0, 110], [12, 110]], "used": false}, {"class_name": "polygon", "pointlist": [[258, 112], [258, 10], [166, 8], [166, 58], [166, 68], [158, 68], [158, 110], [158, 120], [206, 122], [206, 110], [258, 112]], "used": false}, {"class_name": "polygon", "pointlist": [[334, 420], [442, 420], [442, 366], [428, 366], [428, 362], [428, 338], [416, 338], [416, 310], [334, 310], [334, 420]], "used": false}, {"class_name": "polygon", "pointlist": [[138, 500], [154, 510], [238, 510], [260, 464], [238, 448], [242, 444], [168, 388], [146, 432], [178, 458], [174, 466], [158, 454], [140, 488], [134, 496], [138, 500]], "used": false}, {"class_name": "polygon", "pointlist": [[186, 382], [230, 382], [230, 372], [264, 372], [262, 274], [192, 274], [192, 320], [204, 320], [204, 332], [192, 332], [186, 332], [186, 382]], "used": false}, {"class_name": "polygon", "pointlist": [[330, 354], [330, 318], [304, 318], [304, 354], [330, 354]], "used": false}, {"class_name": "polygon", "pointlist": [[330, 416], [330, 388], [308, 388], [308, 416], [330, 416]], "used": false}, {"class_name": "polygon", "pointlist": [[444, 510], [444, 432], [332, 432], [332, 510], [420, 510], [420, 510], [444, 510]], "used": false}, {"class_name": "polygon", "pointlist": [[0, 24], [6, 24], [8, 24], [8, 0], [0, 0], [0, 24]], "used": false}, {"class_name": "polygon", "pointlist": [[188, 188], [188, 200], [178, 200], [178, 246], [250, 246], [250, 196], [262, 196], [262, 170], [250, 170], [250, 144], [216, 144], [216, 136], [170, 136], [170, 188], [178, 188], [188, 188]], "used": false}, {"class_name": "polygon", "pointlist": [[322, 88], [338, 88], [338, 156], [444, 156], [444, 100], [408, 100], [408, 50], [338, 50], [338, 54], [322, 54], [322, 88]], "used": false}]