[{"class_name": "polygon", "pointlist": [[2, 478], [28, 476], [28, 468], [42, 468], [40, 424], [78, 424], [80, 510], [2, 510], [2, 478]], "used": false}, {"class_name": "polygon", "pointlist": [[228, 134], [336, 134], [334, 180], [274, 180], [274, 234], [214, 232], [214, 182], [228, 182], [228, 134]], "used": false}, {"class_name": "polygon", "pointlist": [[334, 68], [334, 120], [238, 120], [238, 58], [220, 58], [220, 18], [238, 20], [298, 20], [298, 68], [334, 68]], "used": false}, {"class_name": "polygon", "pointlist": [[210, 456], [234, 456], [234, 448], [250, 448], [250, 404], [290, 404], [290, 510], [250, 510], [250, 510], [250, 510], [210, 510], [210, 456]], "used": false}, {"class_name": "polygon", "pointlist": [[172, 148], [172, 130], [188, 130], [188, 148], [172, 148]], "used": false}, {"class_name": "polygon", "pointlist": [[448, 484], [480, 452], [456, 418], [484, 384], [510, 422], [510, 506], [506, 510], [470, 510], [448, 484]], "used": false}, {"class_name": "polygon", "pointlist": [[46, 134], [142, 134], [142, 184], [158, 184], [158, 234], [84, 236], [84, 216], [80, 216], [80, 192], [82, 192], [82, 188], [80, 188], [46, 186], [46, 134]], "used": false}, {"class_name": "polygon", "pointlist": [[510, 132], [482, 132], [482, 82], [510, 82], [510, 132]], "used": false}, {"class_name": "polygon", "pointlist": [[510, 194], [498, 194], [498, 148], [510, 148], [510, 194]], "used": false}, {"class_name": "polygon", "pointlist": [[378, 468], [380, 510], [304, 510], [304, 424], [344, 422], [344, 468], [378, 468]], "used": false}, {"class_name": "polygon", "pointlist": [[510, 384], [492, 372], [510, 324], [510, 326], [510, 384]], "used": false}, {"class_name": "polygon", "pointlist": [[52, 68], [88, 68], [88, 50], [92, 50], [92, 22], [142, 22], [142, 28], [154, 28], [156, 70], [140, 70], [140, 120], [52, 120], [52, 68]], "used": false}, {"class_name": "polygon", "pointlist": [[142, 0], [142, 2], [82, 2], [82, 0], [142, 0]], "used": false}, {"class_name": "polygon", "pointlist": [[172, 446], [172, 502], [96, 504], [96, 400], [138, 400], [138, 446], [172, 446]], "used": false}]