[{"class_name": "polygon", "pointlist": [[207, 172], [207, 150], [221, 150], [221, 172], [207, 172]], "used": false}, {"class_name": "polygon", "pointlist": [[177, 13], [174, 9], [177, 6], [180, 9], [189, -1], [199, -1], [221, 28], [204, 48], [177, 13]], "used": false}, {"class_name": "polygon", "pointlist": [[230, 188], [230, 183], [235, 183], [235, 188], [230, 188]], "used": false}, {"class_name": "polygon", "pointlist": [[0, 20], [29, 20], [29, 75], [0, 75], [0, 20]], "used": false}, {"class_name": "polygon", "pointlist": [[255, 137], [247, 125], [255, 115], [255, 137]], "used": false}, {"class_name": "polygon", "pointlist": [[175, 140], [163, 123], [174, 112], [172, 108], [177, 102], [179, 107], [183, 102], [195, 119], [175, 140]], "used": false}, {"class_name": "polygon", "pointlist": [[34, 239], [21, 239], [21, 255], [0, 255], [0, 221], [21, 221], [34, 221], [34, 239]], "used": false}, {"class_name": "polygon", "pointlist": [[255, 76], [234, 102], [208, 69], [233, 39], [236, 44], [237, 42], [247, 54], [245, 55], [255, 70], [255, 76]], "used": false}, {"class_name": "polygon", "pointlist": [[57, 5], [52, 5], [53, 0], [58, 0], [57, 5]], "used": false}, {"class_name": "polygon", "pointlist": [[42, 8], [0, 8], [0, 0], [42, 0], [42, 8]], "used": false}, {"class_name": "polygon", "pointlist": [[171, 208], [171, 202], [177, 202], [177, 208], [171, 208]], "used": false}, {"class_name": "polygon", "pointlist": [[196, 61], [192, 55], [196, 49], [201, 56], [196, 61]], "used": false}, {"class_name": "polygon", "pointlist": [[0, 86], [38, 86], [38, 141], [0, 141], [0, 86]], "used": false}, {"class_name": "polygon", "pointlist": [[0, 163], [31, 163], [31, 205], [0, 205], [0, 163]], "used": false}, {"class_name": "polygon", "pointlist": [[164, -1], [160, 2], [159, -1], [164, -1]], "used": false}, {"class_name": "polygon", "pointlist": [[217, 147], [212, 141], [219, 132], [224, 139], [217, 147]], "used": false}, {"class_name": "polygon", "pointlist": [[75, 11], [64, 10], [64, 0], [75, 0], [75, 11]], "used": false}, {"class_name": "polygon", "pointlist": [[170, 236], [170, 212], [183, 212], [183, 236], [170, 236]], "used": false}, {"class_name": "polygon", "pointlist": [[78, 55], [74, 41], [90, 34], [93, 47], [78, 55]], "used": false}, {"class_name": "polygon", "pointlist": [[42, 138], [42, 131], [55, 131], [55, 138], [42, 138]], "used": false}, {"class_name": "polygon", "pointlist": [[76, 196], [76, 191], [90, 191], [90, 196], [96, 196], [96, 211], [76, 211], [76, 196]], "used": false}]