[{"class_name": "polygon", "pointlist": [[316, 0], [320, 14], [348, 0], [316, 0]], "used": false}, {"class_name": "polygon", "pointlist": [[372, 100], [376, 118], [364, 122], [332, 134], [328, 134], [336, 178], [342, 178], [378, 164], [386, 200], [458, 176], [420, 10], [312, 46], [322, 92], [354, 82], [360, 106], [372, 100]], "used": false}, {"class_name": "polygon", "pointlist": [[420, 312], [424, 328], [412, 332], [378, 344], [388, 388], [426, 374], [436, 422], [510, 398], [502, 356], [494, 358], [462, 220], [358, 254], [368, 298], [402, 288], [408, 318], [420, 312]], "used": false}, {"class_name": "polygon", "pointlist": [[108, 370], [136, 372], [134, 402], [174, 402], [176, 370], [212, 374], [216, 308], [216, 302], [138, 296], [138, 286], [110, 284], [110, 294], [110, 300], [64, 296], [60, 412], [104, 414], [106, 398], [108, 370]], "used": false}, {"class_name": "polygon", "pointlist": [[4, 202], [152, 204], [154, 128], [126, 128], [128, 76], [88, 76], [88, 82], [52, 82], [52, 76], [52, 64], [6, 64], [4, 202]], "used": false}, {"class_name": "polygon", "pointlist": [[0, 414], [28, 414], [30, 286], [0, 284], [0, 414]], "used": false}]