[{"class_name": "polygon", "pointlist": [[132, 59], [132, 107], [92, 107], [92, 74], [78, 74], [78, 59], [78, 50], [102, 51], [102, 55], [124, 55], [124, 59], [132, 59]], "used": false}, {"class_name": "polygon", "pointlist": [[204, 0], [204, 26], [165, 26], [165, 0], [204, 0]], "used": false}, {"class_name": "polygon", "pointlist": [[171, 208], [182, 208], [182, 205], [195, 205], [195, 199], [233, 199], [233, 208], [233, 220], [216, 220], [216, 222], [202, 222], [202, 254], [171, 254], [171, 226], [165, 226], [165, 205], [171, 205], [171, 208]], "used": false}, {"class_name": "polygon", "pointlist": [[166, 125], [197, 125], [197, 119], [217, 119], [217, 125], [217, 142], [203, 142], [203, 175], [166, 175], [166, 125]], "used": false}, {"class_name": "polygon", "pointlist": [[217, 102], [217, 108], [195, 108], [195, 102], [172, 102], [172, 52], [201, 52], [201, 83], [217, 83], [217, 102]], "used": false}, {"class_name": "polygon", "pointlist": [[125, 124], [134, 124], [134, 160], [125, 160], [125, 173], [96, 173], [96, 141], [80, 141], [80, 124], [80, 117], [102, 117], [102, 124], [125, 124]], "used": false}, {"class_name": "polygon", "pointlist": [[79, 231], [94, 231], [94, 198], [123, 198], [123, 231], [134, 231], [134, 247], [123, 247], [123, 254], [94, 254], [79, 254], [79, 231]], "used": false}, {"class_name": "polygon", "pointlist": [[79, 2], [93, 2], [93, -1], [124, -1], [124, 20], [100, 20], [100, 26], [79, 26], [79, 20], [79, 2]], "used": false}]