[{"class_name": "polygon", "pointlist": [[255, 3], [251, 3], [251, 0], [255, 0], [255, 3]], "used": false}, {"class_name": "polygon", "pointlist": [[123, 184], [117, 228], [61, 223], [64, 204], [70, 204], [73, 180], [123, 184]], "used": false}, {"class_name": "polygon", "pointlist": [[130, 71], [126, 115], [67, 112], [69, 90], [78, 90], [79, 68], [130, 71]], "used": false}, {"class_name": "polygon", "pointlist": [[255, 72], [218, 69], [224, 26], [255, 28], [255, 72]], "used": false}, {"class_name": "polygon", "pointlist": [[143, 147], [139, 176], [125, 175], [74, 171], [77, 149], [62, 148], [65, 125], [130, 131], [128, 145], [143, 147]], "used": false}, {"class_name": "polygon", "pointlist": [[142, 10], [134, 10], [134, 3], [142, 3], [142, 10]], "used": false}, {"class_name": "polygon", "pointlist": [[255, 160], [255, 164], [251, 164], [248, 186], [197, 183], [201, 138], [255, 142], [255, 160]], "used": false}, {"class_name": "polygon", "pointlist": [[255, 126], [205, 123], [209, 77], [255, 79], [255, 85], [253, 105], [255, 105], [255, 126]], "used": false}, {"class_name": "polygon", "pointlist": [[203, 24], [202, 39], [191, 38], [192, 23], [203, 24]], "used": false}, {"class_name": "polygon", "pointlist": [[145, 18], [141, 62], [113, 61], [114, 55], [89, 54], [91, 32], [79, 32], [81, 14], [145, 18]], "used": false}, {"class_name": "polygon", "pointlist": [[200, 63], [200, 71], [187, 70], [188, 62], [200, 63]], "used": false}, {"class_name": "polygon", "pointlist": [[217, 37], [213, 69], [206, 69], [209, 36], [217, 37]], "used": false}, {"class_name": "polygon", "pointlist": [[202, 102], [200, 126], [179, 125], [182, 101], [202, 102]], "used": false}, {"class_name": "polygon", "pointlist": [[137, 242], [136, 255], [84, 255], [87, 238], [137, 242]], "used": false}, {"class_name": "polygon", "pointlist": [[255, 247], [231, 255], [197, 255], [181, 225], [252, 201], [255, 208], [255, 223], [246, 226], [255, 244], [255, 247]], "used": false}]