[{"class_name": "polygon", "pointlist": [[26, 90], [26, 84], [19, 84], [20, 79], [10, 79], [10, 47], [71, 47], [71, 67], [53, 67], [53, 87], [49, 87], [49, 90], [26, 90]], "used": false}, {"class_name": "polygon", "pointlist": [[147, 255], [147, 255], [168, 246], [177, 255], [147, 255], [181, 255], [200, 247], [207, 255], [181, 255]], "used": false}, {"class_name": "polygon", "pointlist": [[183, 6], [183, 0], [230, -1], [230, 15], [219, 16], [219, 20], [178, 20], [178, 6], [183, 6]], "used": false}, {"class_name": "polygon", "pointlist": [[222, 129], [232, 128], [232, 133], [222, 134], [222, 129]], "used": false}, {"class_name": "polygon", "pointlist": [[216, 218], [215, 198], [189, 198], [188, 177], [244, 176], [245, 187], [255, 187], [255, 207], [245, 207], [246, 216], [216, 218]], "used": false}, {"class_name": "polygon", "pointlist": [[200, 172], [200, 159], [173, 159], [172, 139], [230, 137], [230, 150], [241, 150], [241, 165], [232, 166], [232, 170], [200, 172]], "used": false}, {"class_name": "polygon", "pointlist": [[15, 42], [15, 21], [1, 21], [1, 3], [14, 3], [14, 1], [53, 1], [53, 14], [49, 14], [49, 20], [71, 20], [71, 42], [15, 42]], "used": false}, {"class_name": "polygon", "pointlist": [[216, 83], [230, 81], [231, 95], [229, 95], [229, 124], [167, 125], [167, 104], [186, 104], [185, 84], [216, 84], [216, 83]], "used": false}, {"class_name": "polygon", "pointlist": [[20, 184], [20, 167], [8, 167], [8, 141], [77, 141], [78, 160], [56, 160], [56, 168], [62, 168], [62, 183], [20, 184]], "used": false}, {"class_name": "polygon", "pointlist": [[29, 197], [30, 191], [41, 191], [41, 197], [29, 197]], "used": false}, {"class_name": "polygon", "pointlist": [[239, 116], [251, 116], [251, 124], [239, 125], [239, 116]], "used": false}, {"class_name": "polygon", "pointlist": [[18, 137], [16, 99], [47, 99], [48, 115], [74, 114], [75, 136], [18, 137]], "used": false}]