[{"class_name": "polygon", "pointlist": [[214, 89], [218, 89], [218, 61], [255, 61], [255, 137], [215, 138], [214, 89]], "used": false}, {"class_name": "polygon", "pointlist": [[160, 96], [165, 96], [165, 67], [203, 67], [203, 91], [207, 91], [207, 144], [161, 144], [160, 96]], "used": false}, {"class_name": "polygon", "pointlist": [[48, 235], [56, 235], [56, 230], [89, 230], [89, 255], [48, 255], [48, 235]], "used": false}, {"class_name": "polygon", "pointlist": [[0, 99], [3, 99], [3, 72], [41, 72], [42, 96], [45, 96], [46, 148], [0, 149], [0, 99]], "used": false}, {"class_name": "polygon", "pointlist": [[222, 7], [222, 0], [255, 0], [255, 5], [222, 7]], "used": false}, {"class_name": "polygon", "pointlist": [[131, 0], [131, 3], [127, 3], [127, -1], [131, 0]], "used": false}, {"class_name": "polygon", "pointlist": [[107, 98], [111, 98], [110, 71], [148, 70], [148, 94], [153, 94], [154, 147], [107, 148], [107, 98]], "used": false}, {"class_name": "polygon", "pointlist": [[150, 184], [155, 184], [166, 184], [166, 206], [155, 206], [156, 214], [150, 214], [150, 218], [118, 218], [117, 185], [150, 184]], "used": false}, {"class_name": "polygon", "pointlist": [[53, 100], [57, 100], [56, 73], [95, 72], [96, 96], [99, 96], [100, 148], [53, 149], [53, 100]], "used": false}, {"class_name": "polygon", "pointlist": [[84, 183], [84, 218], [51, 218], [51, 215], [46, 215], [46, 207], [41, 207], [38, 207], [38, 184], [40, 184], [84, 183]], "used": false}, {"class_name": "polygon", "pointlist": [[112, 230], [115, 230], [115, 228], [145, 228], [145, 235], [160, 235], [160, 255], [114, 255], [115, 245], [112, 245], [112, 230]], "used": false}]