[{"class_name": "polygon", "pointlist": [[130, 0], [130, 37], [130, 50], [108, 50], [108, 37], [108, 31], [94, 31], [94, 37], [76, 37], [77, 0], [130, 0]], "used": false}, {"class_name": "polygon", "pointlist": [[124, 127], [124, 143], [146, 143], [147, 197], [88, 197], [87, 127], [124, 127]], "used": false}, {"class_name": "polygon", "pointlist": [[255, 102], [245, 106], [231, 77], [255, 70], [250, 60], [240, 62], [232, 46], [255, 39], [255, 102]], "used": false}, {"class_name": "polygon", "pointlist": [[52, 0], [53, 27], [55, 27], [55, 46], [20, 46], [20, 32], [0, 32], [0, 0], [52, 0]], "used": false}, {"class_name": "polygon", "pointlist": [[240, 0], [237, 8], [222, 58], [166, 47], [181, 0], [198, 0], [212, 3], [213, 0], [240, 0], [240, 0]], "used": false}, {"class_name": "polygon", "pointlist": [[86, 255], [86, 231], [96, 230], [96, 221], [117, 221], [146, 220], [146, 230], [147, 255], [86, 255]], "used": false}, {"class_name": "polygon", "pointlist": [[255, 177], [235, 177], [235, 148], [255, 148], [255, 177], [255, 136], [252, 136], [252, 119], [255, 119], [255, 136]], "used": false}, {"class_name": "polygon", "pointlist": [[255, 240], [234, 240], [234, 214], [241, 214], [241, 188], [255, 188], [255, 240]], "used": false}, {"class_name": "polygon", "pointlist": [[53, 134], [52, 187], [44, 187], [43, 196], [5, 196], [5, 188], [0, 188], [0, 150], [17, 150], [18, 134], [53, 134]], "used": false}, {"class_name": "polygon", "pointlist": [[54, 223], [53, 234], [52, 255], [0, 255], [0, 233], [32, 234], [32, 223], [54, 223]], "used": false}, {"class_name": "polygon", "pointlist": [[55, 153], [66, 153], [66, 172], [55, 172], [55, 153]], "used": false}]