[{"class_name": "polygon", "pointlist": [[255, 255], [255, 255], [255, 255], [255, 255]], "used": false}, {"class_name": "polygon", "pointlist": [[171, 91], [173, 91], [172, 78], [174, 78], [174, 70], [191, 69], [192, 76], [221, 73], [224, 123], [212, 124], [212, 126], [200, 127], [199, 115], [185, 116], [185, 107], [172, 108], [171, 91]], "used": false}, {"class_name": "polygon", "pointlist": [[54, 161], [87, 157], [86, 148], [108, 145], [112, 188], [98, 189], [100, 206], [58, 212], [54, 161]], "used": false}, {"class_name": "polygon", "pointlist": [[191, 212], [247, 191], [255, 227], [255, 248], [232, 255], [201, 255], [201, 253], [207, 251], [204, 242], [199, 245], [191, 212]], "used": false}, {"class_name": "polygon", "pointlist": [[167, 28], [179, 26], [178, 16], [186, 15], [186, 8], [218, 4], [220, 33], [215, 33], [217, 55], [181, 59], [181, 51], [169, 52], [167, 28]], "used": false}, {"class_name": "polygon", "pointlist": [[96, -1], [96, 2], [46, 9], [45, -1], [96, -1]], "used": false}, {"class_name": "polygon", "pointlist": [[109, 230], [119, 227], [123, 250], [113, 253], [114, 255], [74, 255], [67, 226], [94, 218], [96, 226], [101, 224], [102, 232], [109, 230]], "used": false}, {"class_name": "polygon", "pointlist": [[183, 170], [190, 167], [188, 154], [194, 152], [191, 140], [210, 133], [212, 140], [228, 135], [233, 162], [230, 163], [235, 185], [189, 200], [183, 170]], "used": false}, {"class_name": "polygon", "pointlist": [[34, 15], [77, 9], [78, 16], [96, 14], [99, 45], [84, 48], [85, 72], [44, 78], [41, 49], [44, 49], [44, 38], [37, 39], [35, 21], [34, 15]], "used": false}, {"class_name": "polygon", "pointlist": [[45, 102], [54, 102], [53, 88], [72, 86], [73, 99], [93, 96], [94, 111], [100, 110], [102, 139], [53, 143], [52, 134], [50, 134], [49, 117], [46, 118], [45, 102]], "used": false}]