[{"class_name": "polygon", "pointlist": [[0, 85], [13, 100], [15, 97], [23, 107], [21, 110], [10, 125], [2, 115], [0, 119], [0, 85]], "used": false}, {"class_name": "polygon", "pointlist": [[196, 255], [162, 204], [183, 183], [226, 248], [218, 255], [196, 255]], "used": false}, {"class_name": "polygon", "pointlist": [[114, 233], [116, 236], [123, 229], [125, 232], [136, 219], [144, 230], [147, 226], [153, 234], [134, 255], [110, 255], [114, 253], [106, 242], [114, 233]], "used": false}, {"class_name": "polygon", "pointlist": [[210, 155], [247, 214], [241, 221], [245, 227], [230, 241], [186, 171], [200, 157], [203, 162], [210, 155]], "used": false}, {"class_name": "polygon", "pointlist": [[21, 22], [29, 12], [26, 9], [33, 1], [66, 38], [47, 63], [36, 49], [38, 46], [30, 37], [32, 34], [21, 22]], "used": false}, {"class_name": "polygon", "pointlist": [[178, 38], [181, 40], [181, 40], [200, 60], [205, 53], [221, 70], [224, 73], [213, 87], [211, 85], [204, 95], [181, 71], [183, 68], [170, 55], [167, 53], [178, 38]], "used": false}, {"class_name": "polygon", "pointlist": [[60, 180], [67, 172], [95, 139], [109, 158], [104, 164], [108, 169], [72, 211], [67, 206], [66, 208], [61, 201], [62, 199], [54, 188], [60, 180]], "used": false}, {"class_name": "polygon", "pointlist": [[111, 128], [125, 113], [137, 129], [137, 129], [144, 139], [149, 134], [165, 157], [161, 161], [166, 168], [151, 183], [145, 174], [143, 177], [123, 150], [125, 148], [111, 128]], "used": false}, {"class_name": "polygon", "pointlist": [[190, 18], [201, 0], [203, 0], [209, 6], [206, 11], [209, 14], [212, 9], [215, 4], [235, 22], [231, 27], [241, 37], [234, 49], [238, 52], [232, 61], [197, 27], [199, 25], [190, 18]], "used": false}, {"class_name": "polygon", "pointlist": [[255, 18], [253, 15], [236, 0], [255, 0], [255, 18]], "used": false}, {"class_name": "polygon", "pointlist": [[108, -1], [107, 1], [105, -1], [108, -1]], "used": false}, {"class_name": "polygon", "pointlist": [[165, 76], [195, 110], [193, 112], [177, 132], [175, 130], [172, 135], [141, 99], [141, 99], [137, 96], [140, 92], [157, 71], [158, 68], [165, 76]], "used": false}, {"class_name": "polygon", "pointlist": [[255, 197], [247, 201], [225, 123], [251, 112], [255, 128], [255, 197]], "used": false}, {"class_name": "polygon", "pointlist": [[145, 255], [151, 249], [154, 247], [161, 255], [145, 255]], "used": false}, {"class_name": "polygon", "pointlist": [[0, 33], [1, 31], [9, 38], [32, 63], [33, 60], [49, 77], [38, 95], [24, 80], [22, 82], [13, 73], [9, 79], [0, 71], [0, 33]], "used": false}, {"class_name": "polygon", "pointlist": [[94, -1], [103, 9], [91, 28], [79, 15], [73, 26], [62, 16], [66, 11], [57, 3], [59, 0], [59, -1], [94, -1]], "used": false}, {"class_name": "polygon", "pointlist": [[75, 220], [113, 176], [118, 182], [114, 185], [124, 198], [116, 207], [119, 211], [109, 221], [111, 224], [102, 234], [97, 227], [88, 238], [75, 220]], "used": false}]