[{"class_name": "polygon", "pointlist": [[0, 168], [79, 178], [77, 201], [0, 190], [0, 168]], "used": false}, {"class_name": "polygon", "pointlist": [[255, 74], [255, 74], [255, 71], [255, 74]], "used": false}, {"class_name": "polygon", "pointlist": [[0, 242], [68, 252], [68, 255], [0, 255], [0, 242]], "used": false}, {"class_name": "polygon", "pointlist": [[123, -1], [113, 119], [0, 103], [0, -1], [123, -1]], "used": false}, {"class_name": "polygon", "pointlist": [[102, 172], [137, 177], [129, 255], [95, 255], [102, 172]], "used": false}, {"class_name": "polygon", "pointlist": [[160, 181], [195, 186], [189, 255], [154, 255], [160, 181]], "used": false}]