[{"class_name": "polygon", "pointlist": [[199, 0], [201, 2], [156, 24], [138, 0], [199, 0]], "used": false}, {"class_name": "polygon", "pointlist": [[137, 197], [98, 148], [130, 131], [136, 138], [154, 128], [188, 171], [137, 197]], "used": false}, {"class_name": "polygon", "pointlist": [[20, 91], [0, 102], [0, 45], [12, 39], [29, 61], [7, 73], [20, 91]], "used": false}, {"class_name": "polygon", "pointlist": [[228, 255], [212, 225], [240, 215], [242, 220], [255, 216], [255, 255], [228, 255]], "used": false}, {"class_name": "polygon", "pointlist": [[255, 120], [241, 127], [216, 92], [244, 79], [241, 75], [255, 68], [255, 70], [255, 120]], "used": false}, {"class_name": "polygon", "pointlist": [[77, 15], [108, 0], [125, 0], [154, 38], [110, 59], [77, 15]], "used": false}, {"class_name": "polygon", "pointlist": [[192, 104], [202, 118], [219, 110], [241, 142], [195, 164], [177, 137], [172, 139], [159, 119], [192, 104]], "used": false}, {"class_name": "polygon", "pointlist": [[0, 245], [5, 250], [0, 254], [0, 245]], "used": false}, {"class_name": "polygon", "pointlist": [[85, 69], [55, 84], [24, 41], [69, 20], [93, 52], [78, 59], [85, 69]], "used": false}, {"class_name": "polygon", "pointlist": [[133, 207], [90, 227], [53, 176], [68, 169], [67, 166], [79, 160], [76, 155], [91, 148], [131, 204], [131, 204], [133, 207]], "used": false}, {"class_name": "polygon", "pointlist": [[255, 204], [233, 174], [255, 163], [255, 204]], "used": false}, {"class_name": "polygon", "pointlist": [[15, 0], [7, 3], [4, 0], [15, 0]], "used": false}, {"class_name": "polygon", "pointlist": [[159, 213], [162, 220], [173, 217], [185, 239], [174, 242], [178, 252], [167, 255], [104, 255], [100, 247], [112, 243], [106, 231], [159, 213]], "used": false}]