[{"class_name": "polygon", "pointlist": [[171, 94], [135, 94], [135, 56], [148, 57], [148, 35], [172, 35], [171, 94]], "used": false}, {"class_name": "polygon", "pointlist": [[255, 96], [241, 96], [241, 85], [226, 86], [226, 56], [236, 55], [236, 37], [255, 37], [255, 96]], "used": false}, {"class_name": "polygon", "pointlist": [[255, 208], [255, 208], [255, 158], [255, 208]], "used": false}, {"class_name": "polygon", "pointlist": [[126, 197], [116, 197], [116, 207], [73, 207], [73, 197], [49, 198], [49, 208], [19, 208], [19, 198], [0, 198], [0, 146], [126, 145], [126, 197]], "used": false}, {"class_name": "polygon", "pointlist": [[214, 94], [175, 94], [175, 33], [202, 32], [202, 46], [214, 46], [214, 94]], "used": false}, {"class_name": "polygon", "pointlist": [[0, 35], [20, 34], [20, 62], [32, 62], [33, 95], [0, 96], [0, 35]], "used": false}, {"class_name": "polygon", "pointlist": [[124, 84], [103, 84], [103, 95], [86, 95], [86, 34], [113, 34], [113, 55], [124, 55], [124, 84]], "used": false}, {"class_name": "polygon", "pointlist": [[195, 200], [195, 224], [211, 224], [210, 255], [169, 255], [170, 239], [166, 239], [166, 222], [171, 222], [172, 190], [176, 190], [177, 160], [172, 160], [172, 144], [176, 145], [177, 131], [201, 132], [218, 133], [217, 191], [200, 190], [200, 200], [195, 200]], "used": false}, {"class_name": "polygon", "pointlist": [[255, 189], [241, 189], [242, 148], [255, 148], [255, 189]], "used": false}, {"class_name": "polygon", "pointlist": [[242, 255], [243, 226], [255, 226], [255, 243], [255, 255], [242, 255]], "used": false}, {"class_name": "polygon", "pointlist": [[82, 95], [43, 96], [42, 55], [58, 55], [57, 35], [80, 35], [82, 95]], "used": false}]