[{"class_name": "polygon", "pointlist": [[121, 51], [120, 29], [129, 29], [130, 51], [121, 51]], "used": false}, {"class_name": "polygon", "pointlist": [[183, 54], [199, 42], [195, 34], [219, 18], [231, 46], [191, 73], [183, 54]], "used": false}, {"class_name": "polygon", "pointlist": [[166, 74], [166, 61], [174, 61], [174, 74], [166, 74]], "used": false}, {"class_name": "polygon", "pointlist": [[255, 73], [253, 75], [218, 0], [255, 0], [255, 73], [163, 0], [140, 17], [125, 18], [114, 15], [105, 9], [101, -1], [163, 0]], "used": false}]