[{"class_name": "polygon", "pointlist": [[214, 246], [215, 234], [225, 235], [224, 246], [214, 246]], "used": false}, {"class_name": "polygon", "pointlist": [[216, 255], [217, 247], [232, 247], [231, 255], [216, 255]], "used": false}, {"class_name": "polygon", "pointlist": [[155, 92], [156, 46], [189, 47], [189, 41], [212, 41], [211, 96], [183, 96], [183, 92], [155, 92]], "used": false}, {"class_name": "polygon", "pointlist": [[219, 225], [219, 177], [255, 177], [255, 235], [242, 235], [242, 225], [219, 225]], "used": false}, {"class_name": "polygon", "pointlist": [[201, 239], [202, 231], [212, 231], [212, 239], [201, 239]], "used": false}, {"class_name": "polygon", "pointlist": [[220, 93], [222, 48], [239, 47], [239, 44], [255, 44], [255, 93], [220, 93]], "used": false}, {"class_name": "polygon", "pointlist": [[154, 232], [155, 177], [212, 177], [209, 224], [176, 224], [176, 232], [154, 232]], "used": false}, {"class_name": "polygon", "pointlist": [[88, 73], [89, 44], [114, 44], [114, 38], [131, 38], [131, 26], [146, 26], [147, 38], [143, 38], [143, 91], [116, 91], [116, 73], [88, 73]], "used": false}, {"class_name": "polygon", "pointlist": [[108, 224], [108, 216], [89, 216], [89, 174], [143, 174], [143, 217], [138, 217], [138, 225], [108, 224]], "used": false}]