[{"class_name": "polygon", "pointlist": [[54, 225], [53, 237], [43, 236], [44, 224], [54, 225]], "used": false}, {"class_name": "polygon", "pointlist": [[164, 86], [141, 86], [141, 32], [177, 32], [177, 68], [164, 68], [164, 86]], "used": false}, {"class_name": "polygon", "pointlist": [[40, 26], [38, 89], [7, 88], [7, 78], [2, 77], [3, 25], [40, 26]], "used": false}, {"class_name": "polygon", "pointlist": [[183, 183], [182, 212], [145, 211], [147, 165], [165, 165], [164, 170], [175, 170], [175, 182], [183, 183]], "used": false}, {"class_name": "polygon", "pointlist": [[139, 165], [137, 210], [100, 209], [102, 179], [109, 179], [110, 168], [120, 168], [121, 164], [139, 165]], "used": false}, {"class_name": "polygon", "pointlist": [[84, 212], [84, 224], [64, 223], [64, 211], [48, 211], [49, 160], [74, 160], [74, 170], [84, 170], [84, 212]], "used": false}, {"class_name": "polygon", "pointlist": [[0, 255], [27, 255], [0, 255], [0, 255]], "used": false}, {"class_name": "polygon", "pointlist": [[190, 196], [200, 196], [200, 206], [190, 206], [190, 196]], "used": false}, {"class_name": "polygon", "pointlist": [[38, 161], [37, 207], [0, 207], [1, 177], [9, 177], [9, 166], [20, 166], [20, 160], [38, 161]], "used": false}, {"class_name": "polygon", "pointlist": [[224, 28], [224, 81], [196, 82], [195, 58], [188, 58], [188, 28], [224, 28]], "used": false}, {"class_name": "polygon", "pointlist": [[132, 35], [131, 88], [103, 87], [103, 63], [96, 63], [96, 34], [132, 35]], "used": false}, {"class_name": "polygon", "pointlist": [[49, 33], [84, 34], [83, 86], [48, 85], [49, 33]], "used": false}, {"class_name": "polygon", "pointlist": [[134, 254], [134, 255], [97, 255], [97, 254], [134, 254]], "used": false}, {"class_name": "polygon", "pointlist": [[255, 101], [247, 93], [253, 89], [255, 87], [255, 101], [255, 84], [255, 84], [255, 83], [255, 84], [255, 72], [250, 69], [255, 62], [255, 72]], "used": false}, {"class_name": "polygon", "pointlist": [[73, 243], [73, 250], [79, 251], [79, 255], [43, 255], [43, 250], [53, 250], [54, 243], [73, 243]], "used": false}]