[{"class_name": "polygon", "pointlist": [[454, 122], [454, 114], [460, 114], [460, 56], [470, 56], [468, 0], [338, 0], [338, 28], [354, 28], [356, 116], [394, 116], [394, 122], [454, 122]], "used": false}, {"class_name": "polygon", "pointlist": [[282, 118], [284, 0], [174, 0], [174, 6], [184, 6], [182, 116], [282, 118]], "used": false}, {"class_name": "polygon", "pointlist": [[290, 510], [288, 236], [182, 236], [184, 436], [192, 436], [192, 510], [290, 510]], "used": false}, {"class_name": "polygon", "pointlist": [[134, 422], [130, 358], [92, 358], [94, 422], [134, 422]], "used": false}, {"class_name": "polygon", "pointlist": [[134, 498], [134, 436], [92, 438], [94, 498], [134, 498]], "used": false}, {"class_name": "polygon", "pointlist": [[462, 510], [460, 402], [392, 402], [394, 476], [364, 476], [366, 502], [394, 500], [396, 510], [462, 510]], "used": false}, {"class_name": "polygon", "pointlist": [[22, 456], [0, 456], [0, 510], [22, 510], [22, 456]], "used": false}, {"class_name": "polygon", "pointlist": [[130, 280], [96, 280], [96, 344], [128, 344], [130, 280]], "used": false}, {"class_name": "polygon", "pointlist": [[20, 430], [4, 282], [0, 284], [0, 432], [20, 430]], "used": false}]