[{"class_name": "polygon", "pointlist": [[14, 134], [9, 160], [0, 160], [0, 113], [11, 115], [7, 133], [14, 134]], "used": false}, {"class_name": "polygon", "pointlist": [[212, 163], [209, 187], [206, 187], [205, 190], [198, 189], [197, 192], [192, 191], [191, 198], [166, 195], [174, 142], [206, 145], [203, 162], [212, 163]], "used": false}, {"class_name": "polygon", "pointlist": [[167, 144], [161, 190], [139, 189], [140, 181], [124, 179], [129, 141], [167, 144]], "used": false}, {"class_name": "polygon", "pointlist": [[3, 248], [1, 255], [0, 255], [0, 247], [3, 248]], "used": false}, {"class_name": "polygon", "pointlist": [[65, 0], [54, 48], [42, 46], [44, 35], [0, 29], [6, 0], [11, 0], [23, 1], [23, 0], [65, 0]], "used": false}, {"class_name": "polygon", "pointlist": [[117, 141], [108, 183], [96, 181], [95, 189], [67, 184], [81, 124], [108, 128], [105, 139], [117, 141]], "used": false}, {"class_name": "polygon", "pointlist": [[68, 128], [62, 168], [38, 166], [38, 160], [25, 158], [30, 124], [68, 128]], "used": false}, {"class_name": "polygon", "pointlist": [[255, 203], [236, 202], [236, 195], [220, 195], [225, 153], [240, 154], [241, 146], [241, 143], [255, 144], [255, 203]], "used": false}, {"class_name": "polygon", "pointlist": [[115, 64], [64, 56], [67, 45], [63, 44], [73, 2], [90, 4], [90, 8], [127, 13], [115, 64]], "used": false}, {"class_name": "polygon", "pointlist": [[254, 29], [247, 70], [235, 69], [234, 76], [233, 77], [231, 77], [222, 76], [222, 76], [222, 79], [192, 76], [202, 20], [218, 22], [218, 25], [254, 29]], "used": false}, {"class_name": "polygon", "pointlist": [[183, 62], [180, 71], [152, 67], [154, 57], [127, 52], [139, 10], [194, 20], [183, 62]], "used": false}]