[{"class_name": "polygon", "pointlist": [[255, 119], [220, 136], [211, 123], [194, 131], [179, 111], [233, 85], [255, 117], [255, 119]], "used": false}, {"class_name": "polygon", "pointlist": [[221, 47], [241, 78], [176, 106], [164, 88], [175, 83], [171, 76], [177, 73], [171, 64], [208, 48], [210, 51], [221, 47]], "used": false}, {"class_name": "polygon", "pointlist": [[255, 207], [254, 204], [238, 209], [228, 189], [255, 180], [255, 207]], "used": false}, {"class_name": "polygon", "pointlist": [[255, 172], [222, 183], [212, 165], [223, 160], [219, 155], [226, 153], [221, 144], [255, 132], [255, 172]], "used": false}, {"class_name": "polygon", "pointlist": [[82, 214], [91, 255], [63, 255], [61, 245], [52, 246], [46, 219], [82, 214]], "used": false}, {"class_name": "polygon", "pointlist": [[0, 160], [3, 160], [7, 183], [2, 184], [3, 189], [0, 190], [0, 160]], "used": false}, {"class_name": "polygon", "pointlist": [[106, 255], [96, 212], [139, 206], [148, 241], [134, 244], [136, 248], [129, 249], [131, 255], [106, 255]], "used": false}, {"class_name": "polygon", "pointlist": [[79, 137], [80, 143], [90, 143], [94, 162], [90, 163], [92, 173], [63, 177], [55, 136], [65, 135], [64, 131], [86, 128], [88, 136], [79, 137]], "used": false}, {"class_name": "polygon", "pointlist": [[27, 222], [32, 238], [41, 237], [45, 255], [10, 255], [3, 226], [27, 222]], "used": false}, {"class_name": "polygon", "pointlist": [[43, 177], [45, 192], [23, 195], [20, 179], [17, 179], [13, 156], [17, 156], [14, 137], [21, 137], [20, 131], [43, 129], [50, 176], [43, 177]], "used": false}, {"class_name": "polygon", "pointlist": [[0, 31], [1, 43], [0, 43], [0, 31]], "used": false}, {"class_name": "polygon", "pointlist": [[191, 41], [175, 49], [170, 42], [136, 59], [120, 38], [177, 7], [194, 30], [186, 34], [191, 41]], "used": false}, {"class_name": "polygon", "pointlist": [[177, 0], [116, 33], [106, 21], [113, 17], [108, 10], [125, 0], [125, 0], [177, 0]], "used": false}]