[{"class_name": "polygon", "pointlist": [[260, 0], [256, 56], [288, 56], [292, 0], [260, 0]], "used": false}, {"class_name": "polygon", "pointlist": [[188, 106], [190, 98], [220, 100], [226, 0], [124, 0], [124, 2], [114, 0], [0, 0], [0, 92], [42, 94], [42, 102], [66, 102], [66, 92], [94, 92], [94, 88], [94, 76], [122, 76], [122, 90], [144, 90], [144, 94], [144, 106], [188, 106]], "used": false}, {"class_name": "polygon", "pointlist": [[510, 414], [506, 414], [506, 426], [484, 426], [484, 448], [478, 448], [478, 492], [484, 492], [484, 506], [484, 510], [510, 510], [510, 414]], "used": false}, {"class_name": "polygon", "pointlist": [[510, 0], [508, 12], [474, 12], [474, 0], [388, 0], [382, 110], [412, 110], [410, 118], [436, 120], [436, 110], [462, 110], [464, 92], [502, 94], [500, 112], [510, 112], [510, 0], [510, 0]], "used": false}, {"class_name": "polygon", "pointlist": [[342, 0], [340, 60], [378, 62], [380, 0], [342, 0]], "used": false}]