[{"class_name": "polygon", "pointlist": [[384, 326], [384, 326], [414, 326], [414, 316], [424, 316], [424, 280], [424, 270], [418, 270], [402, 270], [334, 270], [248, 270], [248, 316], [248, 366], [316, 366], [316, 372], [384, 374], [384, 326]], "used": false}, {"class_name": "polygon", "pointlist": [[482, 2], [482, 0], [366, 0], [366, 40], [392, 40], [392, 84], [510, 84], [510, 2], [482, 2]], "used": false}, {"class_name": "polygon", "pointlist": [[90, 356], [108, 346], [166, 346], [166, 296], [36, 296], [34, 356], [90, 356]], "used": false}, {"class_name": "polygon", "pointlist": [[446, 480], [500, 480], [500, 442], [446, 442], [446, 480]], "used": false}, {"class_name": "polygon", "pointlist": [[472, 502], [510, 502], [510, 488], [472, 488], [472, 502]], "used": false}, {"class_name": "polygon", "pointlist": [[228, 378], [228, 418], [258, 418], [258, 378], [228, 378]], "used": false}, {"class_name": "polygon", "pointlist": [[162, 92], [162, 0], [22, 0], [22, 18], [16, 18], [16, 40], [34, 40], [34, 54], [110, 54], [110, 92], [162, 92]], "used": false}, {"class_name": "polygon", "pointlist": [[0, 10], [0, 10], [0, 0], [0, 0], [0, 10]], "used": false}, {"class_name": "polygon", "pointlist": [[510, 258], [510, 258], [506, 256], [502, 258], [498, 260], [494, 262], [492, 268], [490, 274], [440, 274], [440, 348], [510, 348], [510, 258]], "used": false}, {"class_name": "polygon", "pointlist": [[494, 366], [510, 366], [510, 354], [494, 354], [494, 366]], "used": false}, {"class_name": "polygon", "pointlist": [[346, 88], [346, 44], [362, 44], [362, 10], [332, 12], [326, 12], [326, 0], [198, 0], [198, 44], [292, 44], [292, 88], [346, 88]], "used": false}]