[{"class_name": "polygon", "pointlist": [[113, 26], [69, 27], [69, 0], [127, 0], [127, 3], [113, 3], [113, 26]], "used": false}, {"class_name": "polygon", "pointlist": [[172, 95], [230, 94], [231, 141], [173, 142], [172, 95]], "used": false}, {"class_name": "polygon", "pointlist": [[119, 39], [118, 75], [118, 77], [102, 77], [102, 74], [72, 74], [66, 74], [67, 55], [73, 55], [73, 39], [119, 39]], "used": false}, {"class_name": "polygon", "pointlist": [[179, 195], [167, 195], [167, 177], [179, 177], [179, 157], [225, 157], [225, 191], [195, 191], [195, 195], [179, 195]], "used": false}, {"class_name": "polygon", "pointlist": [[233, 0], [233, 29], [177, 29], [177, 0], [230, 0], [233, 0]], "used": false}, {"class_name": "polygon", "pointlist": [[124, 94], [123, 140], [67, 139], [67, 113], [78, 113], [78, 93], [124, 94]], "used": false}, {"class_name": "polygon", "pointlist": [[211, 37], [211, 62], [231, 62], [231, 84], [173, 84], [173, 74], [164, 73], [164, 61], [173, 61], [174, 37], [211, 37]], "used": false}, {"class_name": "polygon", "pointlist": [[131, 165], [131, 182], [122, 182], [122, 194], [66, 194], [67, 172], [85, 172], [85, 148], [123, 148], [123, 165], [131, 165]], "used": false}]