[{"class_name": "polygon", "pointlist": [[226, 39], [226, 22], [255, 21], [255, 70], [226, 71], [226, 39]], "used": false}, {"class_name": "polygon", "pointlist": [[8, 225], [8, 219], [5, 219], [0, 219], [0, 189], [23, 189], [23, 202], [73, 202], [73, 236], [39, 236], [39, 241], [5, 241], [5, 236], [5, 225], [8, 225]], "used": false}, {"class_name": "polygon", "pointlist": [[255, 177], [253, 177], [253, 187], [234, 187], [234, 160], [243, 160], [243, 144], [255, 144], [255, 177]], "used": false}, {"class_name": "polygon", "pointlist": [[-1, 22], [6, 22], [7, 14], [26, 15], [25, 23], [24, 37], [23, 59], [22, 65], [-1, 64], [-1, 22]], "used": false}, {"class_name": "polygon", "pointlist": [[32, 171], [25, 119], [17, 119], [13, 96], [20, 96], [66, 91], [76, 167], [32, 171]], "used": false}, {"class_name": "polygon", "pointlist": [[81, 213], [92, 213], [92, 222], [81, 222], [81, 213]], "used": false}, {"class_name": "polygon", "pointlist": [[111, 206], [123, 206], [123, 212], [111, 212], [111, 206]], "used": false}, {"class_name": "polygon", "pointlist": [[108, 53], [121, 53], [121, 61], [108, 61], [108, 53]], "used": false}, {"class_name": "polygon", "pointlist": [[148, 218], [145, 195], [160, 194], [157, 175], [143, 177], [142, 160], [154, 159], [188, 156], [190, 179], [200, 178], [204, 207], [190, 208], [189, 204], [174, 205], [176, 216], [148, 218]], "used": false}, {"class_name": "polygon", "pointlist": [[150, 84], [150, 69], [145, 69], [145, 53], [136, 53], [135, 22], [153, 22], [154, 32], [161, 32], [160, 17], [195, 17], [196, 41], [181, 41], [181, 69], [171, 69], [171, 84], [150, 84]], "used": false}]