[{"class_name": "polygon", "pointlist": [[137, 191], [128, 191], [128, 218], [92, 218], [92, 191], [94, 191], [94, 172], [92, 172], [92, 162], [96, 162], [96, 154], [125, 153], [125, 162], [137, 162], [137, 191]], "used": false}, {"class_name": "polygon", "pointlist": [[92, 255], [92, 233], [128, 233], [129, 255], [92, 255]], "used": false}, {"class_name": "polygon", "pointlist": [[35, 4], [7, 4], [7, 0], [35, 0], [35, 4]], "used": false}, {"class_name": "polygon", "pointlist": [[56, 76], [47, 76], [47, 84], [20, 84], [20, 55], [3, 55], [3, 21], [47, 20], [47, 57], [56, 57], [56, 76]], "used": false}, {"class_name": "polygon", "pointlist": [[26, 255], [26, 235], [26, 228], [46, 228], [46, 235], [52, 235], [52, 255], [26, 255]], "used": false}, {"class_name": "polygon", "pointlist": [[255, 12], [246, -1], [255, -1], [255, 12]], "used": false}, {"class_name": "polygon", "pointlist": [[219, 255], [219, 253], [255, 251], [255, 255], [219, 255]], "used": false}, {"class_name": "polygon", "pointlist": [[255, 205], [218, 206], [218, 175], [255, 174], [255, 205]], "used": false}, {"class_name": "polygon", "pointlist": [[255, 160], [255, 160], [255, 166], [218, 166], [218, 137], [255, 135], [255, 160]], "used": false}, {"class_name": "polygon", "pointlist": [[255, 123], [248, 123], [249, 128], [212, 130], [212, 100], [255, 97], [255, 123]], "used": false}, {"class_name": "polygon", "pointlist": [[6, 150], [6, 95], [38, 95], [38, 96], [46, 96], [46, 118], [48, 118], [48, 150], [6, 150]], "used": false}, {"class_name": "polygon", "pointlist": [[218, 84], [207, 85], [207, 64], [218, 63], [218, 55], [255, 53], [255, 84], [218, 85], [218, 84], [218, 84]], "used": false}, {"class_name": "polygon", "pointlist": [[138, 52], [129, 52], [130, 74], [93, 75], [92, 41], [94, 41], [94, 13], [137, 11], [138, 52]], "used": false}, {"class_name": "polygon", "pointlist": [[255, 243], [222, 244], [221, 213], [255, 212], [255, 243]], "used": false}, {"class_name": "polygon", "pointlist": [[140, 118], [137, 118], [137, 148], [83, 148], [83, 88], [140, 87], [140, 118]], "used": false}, {"class_name": "polygon", "pointlist": [[14, 202], [14, 165], [43, 165], [43, 202], [14, 202]], "used": false}]