[{"class_name": "polygon", "pointlist": [[108, 79], [108, 86], [127, 87], [126, 102], [109, 102], [109, 104], [103, 104], [101, 143], [54, 142], [54, 130], [49, 130], [51, 99], [55, 99], [56, 84], [61, 84], [61, 77], [108, 79]], "used": false}, {"class_name": "polygon", "pointlist": [[115, 32], [80, 44], [66, 12], [60, 0], [107, 0], [101, 2], [115, 32]], "used": false}, {"class_name": "polygon", "pointlist": [[142, 195], [140, 254], [132, 253], [132, 255], [79, 255], [79, 249], [90, 249], [90, 230], [79, 230], [73, 230], [74, 194], [81, 194], [134, 195], [142, 195]], "used": false}, {"class_name": "polygon", "pointlist": [[129, 62], [156, 63], [155, 71], [128, 70], [129, 62]], "used": false}]