[{"class_name": "polygon", "pointlist": [[154, 125], [114, 123], [116, 83], [102, 82], [103, 67], [117, 67], [155, 68], [154, 125]], "used": false}, {"class_name": "polygon", "pointlist": [[255, 144], [248, 150], [235, 126], [255, 112], [252, 107], [255, 104], [255, 144]], "used": false}, {"class_name": "polygon", "pointlist": [[3, 255], [3, 247], [7, 247], [7, 237], [7, 203], [29, 203], [29, 237], [40, 237], [40, 255], [3, 255]], "used": false}, {"class_name": "polygon", "pointlist": [[131, 255], [131, 248], [137, 248], [137, 214], [158, 214], [158, 235], [171, 235], [171, 255], [131, 255]], "used": false}, {"class_name": "polygon", "pointlist": [[17, 17], [1, 17], [1, 23], [11, 23], [11, 46], [1, 46], [0, 46], [0, 0], [17, 0], [17, 17]], "used": false}, {"class_name": "polygon", "pointlist": [[0, 212], [2, 212], [2, 255], [0, 255], [0, 212]], "used": false}, {"class_name": "polygon", "pointlist": [[6, 91], [0, 91], [0, 63], [6, 63], [6, 91]], "used": false}, {"class_name": "polygon", "pointlist": [[203, 106], [181, 96], [188, 81], [185, 79], [188, 73], [177, 69], [191, 38], [201, 43], [205, 38], [229, 49], [230, 45], [247, 54], [227, 99], [210, 91], [203, 106]], "used": false}, {"class_name": "polygon", "pointlist": [[158, 49], [105, 47], [107, 0], [167, -1], [171, 2], [169, 32], [159, 32], [158, 49]], "used": false}, {"class_name": "polygon", "pointlist": [[89, 255], [89, 249], [95, 249], [95, 243], [95, 206], [120, 206], [120, 243], [126, 243], [126, 255], [89, 255]], "used": false}, {"class_name": "polygon", "pointlist": [[255, 240], [249, 241], [246, 213], [255, 212], [255, 240]], "used": false}, {"class_name": "polygon", "pointlist": [[47, 255], [47, 247], [53, 247], [53, 239], [56, 239], [56, 207], [79, 207], [79, 239], [87, 239], [87, 255], [47, 255]], "used": false}]