[{"class_name": "polygon", "pointlist": [[37, 0], [38, 9], [-1, 10], [-1, 0], [37, 0]], "used": false}, {"class_name": "polygon", "pointlist": [[154, 163], [154, 155], [168, 155], [168, 164], [179, 164], [179, 183], [153, 183], [154, 163]], "used": false}, {"class_name": "polygon", "pointlist": [[103, 186], [103, 177], [113, 177], [113, 186], [103, 186]], "used": false}, {"class_name": "polygon", "pointlist": [[206, 15], [206, 0], [255, -1], [255, 15], [206, 15]], "used": false}, {"class_name": "polygon", "pointlist": [[204, 96], [205, 82], [221, 82], [221, 97], [204, 96]], "used": false}, {"class_name": "polygon", "pointlist": [[105, 164], [113, 164], [113, 171], [105, 171], [105, 164]], "used": false}, {"class_name": "polygon", "pointlist": [[150, 151], [150, 136], [116, 136], [116, 106], [136, 106], [136, 108], [167, 108], [167, 133], [166, 133], [166, 151], [150, 151]], "used": false}, {"class_name": "polygon", "pointlist": [[116, 173], [123, 173], [123, 191], [116, 191], [116, 173]], "used": false}, {"class_name": "polygon", "pointlist": [[204, 160], [205, 148], [217, 148], [216, 161], [204, 160]], "used": false}, {"class_name": "polygon", "pointlist": [[91, 26], [100, 26], [102, 61], [95, 61], [91, 26]], "used": false}, {"class_name": "polygon", "pointlist": [[130, 58], [130, 33], [247, 34], [247, 53], [228, 52], [228, 44], [163, 45], [163, 49], [148, 49], [148, 52], [148, 58], [130, 58]], "used": false}, {"class_name": "polygon", "pointlist": [[104, 159], [104, 154], [114, 154], [114, 159], [104, 159]], "used": false}, {"class_name": "polygon", "pointlist": [[158, 230], [159, 187], [238, 187], [238, 198], [251, 198], [250, 224], [238, 224], [238, 231], [158, 230]], "used": false}]