[{"class_name": "polygon", "pointlist": [[195, 29], [188, 48], [190, 49], [186, 61], [184, 59], [183, 61], [160, 47], [157, 45], [160, 35], [165, 38], [170, 23], [163, 19], [171, 0], [173, 1], [174, -1], [188, -1], [213, 15], [205, 35], [195, 29]], "used": false}, {"class_name": "polygon", "pointlist": [[186, 103], [183, 117], [187, 119], [186, 123], [189, 124], [187, 134], [183, 133], [183, 138], [178, 137], [143, 125], [155, 70], [204, 86], [199, 108], [186, 103]], "used": false}, {"class_name": "polygon", "pointlist": [[85, 183], [75, 184], [76, 198], [44, 202], [43, 201], [42, 201], [41, 189], [42, 189], [41, 167], [31, 168], [29, 143], [70, 139], [70, 142], [72, 141], [73, 150], [71, 150], [72, 160], [73, 160], [78, 160], [79, 171], [84, 170], [85, 183]], "used": false}, {"class_name": "polygon", "pointlist": [[178, 180], [175, 194], [178, 195], [177, 198], [181, 199], [178, 211], [175, 210], [174, 214], [136, 201], [148, 146], [198, 164], [193, 185], [178, 180]], "used": false}, {"class_name": "polygon", "pointlist": [[81, 96], [73, 97], [73, 100], [75, 99], [76, 112], [74, 112], [74, 115], [32, 123], [29, 100], [35, 99], [33, 86], [27, 87], [25, 62], [67, 55], [69, 67], [71, 67], [72, 77], [79, 75], [81, 96]], "used": false}, {"class_name": "polygon", "pointlist": [[68, 18], [67, 19], [67, 20], [68, 20], [69, 30], [67, 30], [67, 32], [31, 38], [30, 33], [27, 34], [26, 23], [29, 23], [28, 19], [30, 18], [29, 4], [25, 4], [15, 6], [15, 0], [68, 0], [70, 18], [68, 18]], "used": false}]