[{"class_name": "polygon", "pointlist": [[100, 0], [96, 33], [35, 29], [38, 0], [96, 0], [100, 0]], "used": false}, {"class_name": "polygon", "pointlist": [[93, 173], [89, 210], [39, 207], [43, 170], [93, 173]], "used": false}, {"class_name": "polygon", "pointlist": [[255, 123], [254, 135], [241, 133], [240, 148], [184, 144], [189, 107], [244, 111], [244, 114], [255, 115], [255, 123]], "used": false}, {"class_name": "polygon", "pointlist": [[102, 221], [97, 253], [33, 248], [38, 212], [90, 217], [89, 220], [102, 221]], "used": false}, {"class_name": "polygon", "pointlist": [[253, 178], [251, 194], [244, 193], [188, 189], [191, 153], [246, 156], [243, 177], [253, 178]], "used": false}, {"class_name": "polygon", "pointlist": [[220, 255], [174, 255], [173, 215], [219, 214], [220, 255]], "used": false}, {"class_name": "polygon", "pointlist": [[255, 31], [210, 31], [210, 0], [255, 0], [255, 31]], "used": false}, {"class_name": "polygon", "pointlist": [[227, 255], [228, 217], [255, 218], [255, 255], [227, 255]], "used": false}, {"class_name": "polygon", "pointlist": [[103, 134], [98, 169], [39, 163], [45, 125], [92, 130], [92, 133], [103, 134]], "used": false}, {"class_name": "polygon", "pointlist": [[104, 98], [101, 128], [90, 127], [90, 124], [36, 119], [37, 110], [29, 110], [32, 80], [67, 83], [67, 89], [81, 90], [81, 93], [91, 94], [90, 96], [104, 98]], "used": false}]