[{"class_name": "polygon", "pointlist": [[254, 169], [255, 169], [255, 234], [252, 234], [238, 233], [239, 212], [253, 213], [254, 169]], "used": false}, {"class_name": "polygon", "pointlist": [[66, -1], [65, 13], [54, 12], [5, 7], [5, -1], [66, -1]], "used": false}, {"class_name": "polygon", "pointlist": [[176, 150], [141, 147], [142, 138], [131, 137], [132, 124], [142, 125], [143, 110], [139, 110], [140, 89], [143, 89], [143, 89], [178, 91], [177, 108], [188, 109], [186, 130], [177, 129], [176, 150]], "used": false}, {"class_name": "polygon", "pointlist": [[158, 21], [158, 9], [154, 9], [154, 0], [192, 0], [192, 5], [203, 6], [201, 26], [191, 26], [190, 47], [171, 45], [170, 54], [147, 52], [148, 20], [152, 21], [154, 21], [158, 21]], "used": false}, {"class_name": "polygon", "pointlist": [[14, 32], [58, 37], [55, 77], [59, 77], [58, 102], [53, 102], [52, 113], [37, 111], [38, 99], [9, 95], [2, 94], [3, 74], [10, 75], [14, 32]], "used": false}, {"class_name": "polygon", "pointlist": [[0, 211], [38, 212], [52, 212], [51, 251], [38, 250], [38, 255], [0, 255], [0, 211]], "used": false}, {"class_name": "polygon", "pointlist": [[0, 127], [44, 129], [43, 156], [52, 157], [51, 190], [41, 190], [0, 188], [0, 127]], "used": false}, {"class_name": "polygon", "pointlist": [[136, 235], [137, 204], [133, 204], [134, 177], [172, 179], [172, 199], [181, 200], [180, 225], [171, 224], [170, 241], [156, 241], [156, 251], [129, 250], [130, 235], [136, 235]], "used": false}]