[{"class_name": "polygon", "pointlist": [[200, 92], [200, 134], [280, 134], [280, 94], [248, 94], [200, 92]], "used": false}, {"class_name": "polygon", "pointlist": [[80, 510], [82, 306], [0, 304], [0, 510], [80, 510]], "used": false}, {"class_name": "polygon", "pointlist": [[104, 94], [28, 96], [28, 134], [104, 134], [104, 94]], "used": false}, {"class_name": "polygon", "pointlist": [[214, 484], [214, 510], [274, 510], [274, 484], [214, 484]], "used": false}, {"class_name": "polygon", "pointlist": [[308, 360], [274, 362], [274, 474], [308, 474], [308, 360]], "used": false}, {"class_name": "polygon", "pointlist": [[198, 484], [138, 486], [138, 510], [198, 510], [198, 484]], "used": false}, {"class_name": "polygon", "pointlist": [[112, 94], [112, 134], [192, 134], [192, 92], [112, 94]], "used": false}, {"class_name": "polygon", "pointlist": [[274, 334], [308, 334], [308, 288], [308, 220], [274, 220], [274, 334]], "used": false}]