[{"class_name": "polygon", "pointlist": [[384, 400], [434, 348], [378, 272], [330, 324], [384, 400]], "used": false}, {"class_name": "polygon", "pointlist": [[192, 258], [226, 366], [266, 346], [246, 278], [286, 262], [274, 222], [238, 238], [230, 214], [198, 226], [204, 250], [192, 258]], "used": false}, {"class_name": "polygon", "pointlist": [[510, 414], [416, 400], [404, 510], [510, 510], [510, 414]], "used": false}, {"class_name": "polygon", "pointlist": [[0, 390], [6, 390], [6, 340], [0, 340], [0, 390]], "used": false}, {"class_name": "polygon", "pointlist": [[40, 442], [40, 408], [30, 408], [30, 442], [40, 442]], "used": false}, {"class_name": "polygon", "pointlist": [[450, 250], [494, 286], [484, 302], [510, 328], [510, 222], [482, 196], [450, 250]], "used": false}, {"class_name": "polygon", "pointlist": [[0, 250], [22, 250], [24, 216], [6, 216], [6, 194], [0, 194], [0, 250]], "used": false}, {"class_name": "polygon", "pointlist": [[162, 262], [184, 240], [162, 210], [140, 230], [162, 262]], "used": false}, {"class_name": "polygon", "pointlist": [[140, 510], [140, 424], [92, 424], [92, 486], [70, 486], [70, 510], [140, 510]], "used": false}, {"class_name": "polygon", "pointlist": [[34, 334], [36, 298], [0, 298], [0, 332], [34, 334]], "used": false}, {"class_name": "polygon", "pointlist": [[354, 164], [406, 72], [370, 40], [348, 80], [312, 50], [282, 102], [354, 164]], "used": false}, {"class_name": "polygon", "pointlist": [[374, 174], [416, 210], [404, 232], [430, 254], [494, 144], [462, 118], [440, 154], [404, 122], [374, 174]], "used": false}, {"class_name": "polygon", "pointlist": [[148, 0], [134, 22], [168, 50], [196, 0], [148, 0]], "used": false}, {"class_name": "polygon", "pointlist": [[0, 180], [22, 180], [22, 132], [12, 132], [12, 112], [0, 112], [0, 180]], "used": false}, {"class_name": "polygon", "pointlist": [[198, 20], [238, 58], [228, 74], [258, 100], [320, 2], [316, 0], [266, 0], [262, 4], [260, 0], [210, 0], [198, 20]], "used": false}, {"class_name": "polygon", "pointlist": [[326, 194], [336, 178], [320, 160], [308, 178], [326, 194]], "used": false}, {"class_name": "polygon", "pointlist": [[0, 470], [14, 470], [12, 432], [0, 432], [0, 470]], "used": false}, {"class_name": "polygon", "pointlist": [[76, 334], [88, 352], [98, 340], [114, 362], [138, 392], [168, 356], [160, 346], [192, 308], [180, 288], [142, 238], [78, 314], [86, 324], [76, 334]], "used": false}]