[{"class_name": "polygon", "pointlist": [[236, 110], [238, 102], [242, 94], [266, 92], [262, 56], [232, 58], [230, 56], [224, 50], [216, 44], [210, 40], [202, 38], [192, 36], [190, 12], [144, 16], [146, 40], [136, 44], [128, 50], [122, 56], [116, 64], [112, 74], [90, 76], [94, 110], [116, 110], [118, 112], [122, 120], [130, 124], [138, 132], [146, 134], [156, 138], [166, 140], [168, 158], [218, 154], [216, 132], [224, 124], [230, 118], [236, 110]], "used": false}, {"class_name": "polygon", "pointlist": [[82, 46], [36, 12], [6, 38], [52, 72], [82, 46]], "used": false}, {"class_name": "polygon", "pointlist": [[100, 264], [8, 208], [0, 218], [0, 326], [24, 344], [100, 264]], "used": false}, {"class_name": "polygon", "pointlist": [[0, 146], [4, 142], [0, 138], [0, 146]], "used": false}]