[{"class_name": "polygon", "pointlist": [[81, 227], [81, 236], [63, 236], [63, 227], [81, 227]], "used": false}, {"class_name": "polygon", "pointlist": [[125, 233], [111, 233], [111, 224], [125, 224], [125, 233]], "used": false}, {"class_name": "polygon", "pointlist": [[125, 240], [133, 255], [96, 255], [98, 255], [95, 249], [125, 240]], "used": false}, {"class_name": "polygon", "pointlist": [[255, 173], [230, 173], [230, 148], [232, 148], [232, 142], [255, 142], [255, 173]], "used": false}, {"class_name": "polygon", "pointlist": [[127, 1], [124, 7], [114, 4], [117, 0], [122, 0], [127, 1]], "used": false}, {"class_name": "polygon", "pointlist": [[82, 220], [49, 220], [49, 203], [82, 203], [82, 220]], "used": false}, {"class_name": "polygon", "pointlist": [[216, 143], [204, 143], [204, 126], [215, 126], [216, 143]], "used": false}, {"class_name": "polygon", "pointlist": [[212, 79], [197, 103], [162, 89], [177, 64], [212, 79]], "used": false}, {"class_name": "polygon", "pointlist": [[255, 107], [246, 107], [246, 90], [235, 90], [235, 63], [255, 63], [255, 107]], "used": false}, {"class_name": "polygon", "pointlist": [[172, 134], [177, 143], [196, 134], [210, 158], [186, 167], [188, 170], [167, 178], [151, 152], [157, 150], [152, 143], [172, 134]], "used": false}, {"class_name": "polygon", "pointlist": [[0, 76], [12, 76], [12, 97], [0, 97], [0, 76]], "used": false}, {"class_name": "polygon", "pointlist": [[131, 21], [148, 63], [119, 72], [112, 55], [101, 57], [95, 44], [106, 40], [102, 29], [131, 21]], "used": false}, {"class_name": "polygon", "pointlist": [[19, 108], [19, 137], [36, 137], [36, 150], [0, 150], [0, 108], [19, 108]], "used": false}, {"class_name": "polygon", "pointlist": [[145, 174], [129, 215], [98, 207], [102, 198], [92, 195], [98, 179], [108, 182], [114, 166], [145, 174]], "used": false}, {"class_name": "polygon", "pointlist": [[0, 182], [7, 182], [7, 204], [0, 204], [0, 182]], "used": false}, {"class_name": "polygon", "pointlist": [[21, 3], [21, 28], [25, 28], [30, 32], [30, 39], [25, 44], [21, 44], [21, 45], [0, 45], [0, 3], [21, 3]], "used": false}, {"class_name": "polygon", "pointlist": [[42, 182], [33, 182], [33, 158], [42, 158], [42, 182]], "used": false}, {"class_name": "polygon", "pointlist": [[146, 95], [141, 101], [131, 95], [137, 89], [146, 95]], "used": false}, {"class_name": "polygon", "pointlist": [[15, 213], [15, 230], [32, 230], [32, 231], [43, 231], [43, 250], [32, 250], [32, 255], [0, 255], [0, 213], [15, 213]], "used": false}]