[{"class_name": "polygon", "pointlist": [[179, 249], [201, 249], [201, 255], [179, 255], [179, 249]], "used": false}, {"class_name": "polygon", "pointlist": [[23, 255], [23, 250], [44, 250], [44, 255], [23, 255]], "used": false}, {"class_name": "polygon", "pointlist": [[241, 65], [248, 65], [248, 51], [255, 51], [255, 109], [241, 109], [241, 65]], "used": false}, {"class_name": "polygon", "pointlist": [[171, 72], [175, 72], [175, 51], [177, 51], [177, 46], [197, 46], [197, 68], [194, 68], [194, 110], [171, 110], [171, 72]], "used": false}, {"class_name": "polygon", "pointlist": [[201, 65], [204, 65], [204, 46], [223, 46], [223, 72], [236, 72], [236, 101], [225, 101], [225, 109], [201, 109], [201, 65]], "used": false}, {"class_name": "polygon", "pointlist": [[0, 250], [16, 250], [16, 255], [0, 255], [0, 250]], "used": false}]