[{"class_name": "polygon", "pointlist": [[217, 45], [216, 84], [195, 84], [195, 94], [181, 94], [181, 84], [181, 44], [217, 45]], "used": false}, {"class_name": "polygon", "pointlist": [[79, 42], [78, 84], [64, 84], [63, 95], [41, 95], [41, 84], [42, 42], [79, 42]], "used": false}, {"class_name": "polygon", "pointlist": [[212, 217], [223, 217], [223, 224], [212, 224], [212, 217]], "used": false}, {"class_name": "polygon", "pointlist": [[92, 0], [99, 15], [65, 25], [54, 0], [92, 0]], "used": false}, {"class_name": "polygon", "pointlist": [[47, 158], [47, 164], [67, 164], [67, 208], [32, 208], [32, 164], [32, 158], [47, 158]], "used": false}, {"class_name": "polygon", "pointlist": [[251, 172], [251, 212], [216, 212], [216, 172], [216, 166], [232, 166], [232, 172], [251, 172]], "used": false}, {"class_name": "polygon", "pointlist": [[159, 170], [159, 212], [122, 212], [122, 170], [122, 160], [146, 160], [146, 170], [159, 170]], "used": false}, {"class_name": "polygon", "pointlist": [[113, 160], [113, 164], [113, 214], [78, 214], [79, 163], [97, 164], [97, 160], [113, 160]], "used": false}, {"class_name": "polygon", "pointlist": [[114, 38], [114, 45], [123, 45], [124, 90], [124, 96], [103, 96], [103, 90], [89, 90], [89, 45], [89, 38], [114, 38]], "used": false}, {"class_name": "polygon", "pointlist": [[32, 90], [32, 96], [9, 96], [9, 90], [0, 90], [0, 41], [32, 41], [32, 90]], "used": false}, {"class_name": "polygon", "pointlist": [[170, 84], [170, 95], [148, 95], [148, 84], [133, 84], [134, 42], [171, 42], [170, 84]], "used": false}, {"class_name": "polygon", "pointlist": [[201, 0], [156, 32], [132, 9], [147, 0], [201, 0]], "used": false}, {"class_name": "polygon", "pointlist": [[206, 166], [206, 172], [205, 217], [168, 216], [169, 171], [186, 171], [186, 166], [206, 166]], "used": false}, {"class_name": "polygon", "pointlist": [[21, 158], [21, 163], [20, 204], [0, 204], [0, 163], [4, 163], [5, 158], [21, 158]], "used": false}, {"class_name": "polygon", "pointlist": [[23, 13], [23, 17], [10, 17], [10, 13], [1, 13], [1, 0], [36, 0], [36, 13], [23, 13]], "used": false}]