[{"class_name": "polygon", "pointlist": [[134, 181], [134, 207], [91, 207], [91, 200], [83, 200], [84, 179], [134, 181]], "used": false}, {"class_name": "polygon", "pointlist": [[255, 166], [192, 166], [193, 137], [242, 137], [241, 146], [255, 147], [255, 166]], "used": false}, {"class_name": "polygon", "pointlist": [[243, 207], [242, 217], [249, 217], [248, 225], [255, 225], [255, 244], [195, 242], [195, 224], [197, 224], [197, 224], [186, 223], [187, 207], [200, 208], [200, 206], [243, 207]], "used": false}, {"class_name": "polygon", "pointlist": [[131, 251], [131, 255], [82, 255], [82, 251], [131, 251]], "used": false}, {"class_name": "polygon", "pointlist": [[160, 139], [160, 158], [150, 157], [150, 139], [160, 139]], "used": false}, {"class_name": "polygon", "pointlist": [[148, 104], [148, 131], [97, 130], [97, 121], [80, 121], [81, 103], [148, 104]], "used": false}, {"class_name": "polygon", "pointlist": [[144, 61], [143, 96], [80, 96], [81, 78], [94, 78], [94, 70], [102, 70], [102, 61], [144, 61]], "used": false}, {"class_name": "polygon", "pointlist": [[157, 195], [157, 211], [139, 211], [139, 209], [136, 209], [136, 195], [157, 195]], "used": false}, {"class_name": "polygon", "pointlist": [[255, 119], [246, 119], [246, 127], [241, 127], [241, 125], [230, 125], [230, 127], [221, 127], [221, 124], [204, 124], [205, 97], [255, 98], [255, 119]], "used": false}, {"class_name": "polygon", "pointlist": [[161, 0], [161, 5], [155, 5], [155, 0], [161, 0]], "used": false}, {"class_name": "polygon", "pointlist": [[255, 192], [241, 191], [241, 201], [190, 201], [191, 172], [255, 174], [255, 192]], "used": false}, {"class_name": "polygon", "pointlist": [[161, 110], [161, 132], [151, 132], [151, 110], [161, 110]], "used": false}, {"class_name": "polygon", "pointlist": [[201, 255], [201, 249], [245, 250], [245, 253], [255, 253], [255, 255], [201, 255]], "used": false}, {"class_name": "polygon", "pointlist": [[189, 181], [189, 197], [180, 197], [181, 181], [189, 181]], "used": false}, {"class_name": "polygon", "pointlist": [[255, 94], [203, 92], [205, 57], [247, 58], [247, 68], [254, 68], [253, 77], [255, 77], [255, 94]], "used": false}, {"class_name": "polygon", "pointlist": [[148, 142], [147, 169], [77, 166], [78, 148], [98, 149], [98, 141], [148, 142]], "used": false}, {"class_name": "polygon", "pointlist": [[123, 223], [123, 225], [137, 225], [137, 249], [80, 248], [81, 231], [87, 231], [87, 229], [98, 229], [98, 224], [113, 224], [113, 223], [123, 223]], "used": false}]