[{"class_name": "polygon", "pointlist": [[75, 205], [75, 158], [90, 158], [90, 142], [145, 142], [145, 191], [125, 191], [125, 183], [112, 183], [112, 205], [75, 205]], "used": false}, {"class_name": "polygon", "pointlist": [[-1, 67], [6, 67], [6, 52], [42, 52], [43, 104], [-1, 104], [-1, 67]], "used": false}, {"class_name": "polygon", "pointlist": [[177, 76], [184, 61], [165, 55], [179, 24], [205, 32], [201, 38], [241, 49], [230, 73], [220, 71], [212, 87], [177, 76]], "used": false}, {"class_name": "polygon", "pointlist": [[203, 192], [198, 177], [172, 182], [160, 144], [212, 132], [224, 167], [230, 165], [236, 184], [203, 192]], "used": false}, {"class_name": "polygon", "pointlist": [[75, 120], [74, 90], [63, 90], [61, 71], [73, 71], [102, 70], [103, 86], [127, 85], [129, 115], [102, 116], [102, 119], [75, 120]], "used": false}, {"class_name": "polygon", "pointlist": [[25, 183], [13, 183], [13, 189], [0, 189], [0, 149], [48, 150], [48, 177], [63, 177], [62, 203], [25, 202], [25, 183]], "used": false}, {"class_name": "polygon", "pointlist": [[255, 155], [242, 142], [249, 137], [235, 123], [255, 108], [255, 155]], "used": false}]