[{"class_name": "polygon", "pointlist": [[366, 142], [368, 110], [344, 110], [344, 140], [366, 142]], "used": false}, {"class_name": "polygon", "pointlist": [[160, 456], [160, 424], [130, 422], [128, 456], [160, 456]], "used": false}, {"class_name": "polygon", "pointlist": [[208, 262], [242, 262], [242, 362], [242, 362], [242, 404], [260, 404], [260, 444], [274, 444], [274, 462], [260, 462], [242, 462], [242, 510], [366, 510], [368, 236], [382, 236], [382, 208], [288, 206], [288, 102], [10, 98], [8, 358], [208, 362], [208, 262]], "used": false}, {"class_name": "polygon", "pointlist": [[100, 440], [124, 442], [126, 414], [100, 414], [100, 440]], "used": false}]