[{"class_name": "polygon", "pointlist": [[174, 38], [182, 50], [187, 49], [199, 69], [204, 67], [211, 79], [207, 81], [216, 98], [196, 106], [191, 97], [189, 94], [187, 94], [187, 94], [148, 109], [150, 113], [134, 119], [131, 113], [125, 114], [114, 95], [119, 93], [108, 75], [108, 74], [126, 67], [125, 64], [152, 50], [150, 49], [153, 38], [163, 34], [174, 38]], "used": false}, {"class_name": "polygon", "pointlist": [[134, 4], [92, 37], [49, 0], [128, 0], [134, 4]], "used": false}, {"class_name": "polygon", "pointlist": [[165, 138], [153, 126], [187, 103], [199, 115], [165, 138]], "used": false}, {"class_name": "polygon", "pointlist": [[0, 3], [14, 15], [19, 12], [21, 15], [28, 9], [34, 15], [45, 9], [54, 16], [69, 31], [55, 40], [64, 48], [46, 60], [37, 51], [24, 60], [0, 37], [0, 3]], "used": false}, {"class_name": "polygon", "pointlist": [[167, 251], [171, 255], [158, 255], [167, 251]], "used": false}, {"class_name": "polygon", "pointlist": [[255, 255], [254, 255], [207, 255], [184, 227], [211, 213], [213, 217], [236, 205], [241, 211], [254, 212], [255, 209], [255, 255]], "used": false}, {"class_name": "polygon", "pointlist": [[13, 225], [16, 230], [0, 239], [0, 151], [1, 150], [38, 196], [28, 201], [38, 212], [13, 225]], "used": false}, {"class_name": "polygon", "pointlist": [[84, 96], [119, 134], [108, 141], [125, 159], [69, 194], [62, 198], [30, 165], [37, 160], [19, 142], [43, 126], [45, 129], [73, 111], [71, 108], [67, 106], [84, 96]], "used": false}, {"class_name": "polygon", "pointlist": [[29, 77], [13, 89], [10, 86], [0, 93], [0, 49], [26, 74], [29, 77]], "used": false}, {"class_name": "polygon", "pointlist": [[255, 76], [227, 65], [233, 55], [213, 49], [217, 43], [195, 34], [214, 2], [210, 0], [210, 0], [255, 0], [255, 76]], "used": false}]