[{"class_name": "polygon", "pointlist": [[510, 292], [456, 290], [454, 392], [492, 394], [492, 360], [510, 360], [510, 292]], "used": false}, {"class_name": "polygon", "pointlist": [[274, 354], [414, 358], [414, 290], [366, 290], [366, 284], [312, 282], [312, 298], [274, 296], [274, 354]], "used": false}, {"class_name": "polygon", "pointlist": [[0, 340], [2, 340], [4, 280], [4, 268], [0, 268], [0, 340]], "used": false}, {"class_name": "polygon", "pointlist": [[236, 460], [238, 408], [176, 404], [174, 458], [236, 460]], "used": false}, {"class_name": "polygon", "pointlist": [[210, 332], [212, 278], [72, 274], [70, 344], [170, 348], [170, 332], [210, 332]], "used": false}, {"class_name": "polygon", "pointlist": [[436, 362], [436, 332], [416, 332], [414, 360], [436, 362]], "used": false}, {"class_name": "polygon", "pointlist": [[232, 494], [232, 476], [212, 476], [212, 494], [232, 494]], "used": false}]