[{"class_name": "polygon", "pointlist": [[102, 123], [102, 142], [113, 142], [113, 154], [128, 154], [128, 193], [104, 193], [104, 208], [69, 208], [69, 202], [63, 202], [63, 123], [102, 123]], "used": false}, {"class_name": "polygon", "pointlist": [[240, 0], [240, 30], [215, 30], [215, 34], [201, 34], [201, 0], [240, 0]], "used": false}, {"class_name": "polygon", "pointlist": [[223, 154], [223, 162], [238, 162], [237, 198], [227, 198], [227, 201], [215, 201], [215, 198], [174, 197], [174, 200], [161, 200], [161, 197], [154, 197], [154, 162], [195, 162], [195, 154], [223, 154]], "used": false}]