[{"class_name": "polygon", "pointlist": [[68, 0], [70, 19], [38, 24], [36, 2], [49, 0], [68, 0]], "used": false}, {"class_name": "polygon", "pointlist": [[1, 254], [2, 254], [2, 241], [29, 241], [30, 255], [1, 255], [1, 254]], "used": false}, {"class_name": "polygon", "pointlist": [[177, 110], [176, 110], [177, 124], [139, 128], [137, 102], [125, 104], [123, 81], [123, 77], [143, 74], [143, 79], [172, 74], [175, 96], [177, 95], [177, 110]], "used": false}, {"class_name": "polygon", "pointlist": [[255, 173], [222, 177], [221, 154], [218, 118], [255, 114], [255, 173]], "used": false}, {"class_name": "polygon", "pointlist": [[1, 102], [18, 101], [19, 128], [31, 127], [32, 154], [20, 154], [13, 155], [12, 148], [1, 148], [1, 102]], "used": false}, {"class_name": "polygon", "pointlist": [[223, 214], [219, 214], [219, 197], [223, 197], [223, 185], [252, 184], [253, 199], [255, 199], [255, 247], [251, 248], [251, 233], [224, 234], [223, 214]], "used": false}, {"class_name": "polygon", "pointlist": [[1, 25], [13, 35], [15, 32], [18, 25], [32, 36], [29, 43], [17, 66], [5, 55], [1, 64], [1, 25]], "used": false}, {"class_name": "polygon", "pointlist": [[228, 26], [209, -1], [255, -1], [228, 26]], "used": false}, {"class_name": "polygon", "pointlist": [[134, 255], [134, 243], [120, 243], [119, 218], [119, 216], [142, 216], [142, 218], [171, 218], [171, 238], [172, 238], [172, 255], [134, 255]], "used": false}, {"class_name": "polygon", "pointlist": [[207, 98], [196, 99], [195, 77], [207, 76], [205, 51], [232, 49], [234, 76], [246, 74], [247, 94], [247, 102], [226, 104], [226, 96], [207, 98]], "used": false}, {"class_name": "polygon", "pointlist": [[158, 10], [137, 33], [147, 45], [134, 60], [130, 63], [124, 54], [121, 56], [108, 38], [113, 32], [119, 25], [113, 15], [117, 11], [109, 0], [151, -1], [150, 0], [158, 10]], "used": false}, {"class_name": "polygon", "pointlist": [[166, 180], [163, 180], [163, 200], [122, 201], [121, 166], [126, 166], [125, 148], [162, 146], [162, 159], [166, 159], [166, 180]], "used": false}, {"class_name": "polygon", "pointlist": [[38, 204], [36, 205], [37, 227], [1, 230], [1, 173], [37, 170], [38, 204]], "used": false}]