[{"class_name": "polygon", "pointlist": [[255, 241], [195, 242], [195, 215], [218, 215], [218, 210], [255, 209], [255, 241]], "used": false}, {"class_name": "polygon", "pointlist": [[0, 84], [13, 83], [15, 123], [0, 124], [0, 84]], "used": false}, {"class_name": "polygon", "pointlist": [[15, 221], [0, 221], [0, 185], [13, 184], [15, 221]], "used": false}, {"class_name": "polygon", "pointlist": [[159, 99], [149, 103], [143, 95], [153, 90], [159, 99]], "used": false}, {"class_name": "polygon", "pointlist": [[21, 233], [21, 255], [0, 255], [0, 233], [21, 233]], "used": false}, {"class_name": "polygon", "pointlist": [[161, 149], [148, 154], [145, 148], [158, 143], [161, 149]], "used": false}, {"class_name": "polygon", "pointlist": [[253, 112], [255, 113], [255, 148], [232, 129], [253, 112]], "used": false}, {"class_name": "polygon", "pointlist": [[189, 113], [180, 121], [172, 116], [164, 125], [152, 117], [169, 100], [189, 113]], "used": false}, {"class_name": "polygon", "pointlist": [[172, 166], [171, 173], [161, 172], [162, 165], [172, 166]], "used": false}, {"class_name": "polygon", "pointlist": [[212, 139], [207, 149], [186, 141], [193, 131], [212, 139]], "used": false}, {"class_name": "polygon", "pointlist": [[254, 248], [254, 255], [190, 255], [190, 248], [254, 248]], "used": false}, {"class_name": "polygon", "pointlist": [[255, 183], [240, 175], [230, 186], [197, 168], [221, 140], [255, 160], [255, 183]], "used": false}]