[{"class_name": "polygon", "pointlist": [[0, 200], [82, 201], [81, 231], [93, 231], [93, 254], [93, 255], [111, 255], [111, 253], [120, 253], [120, 255], [0, 255], [0, 200]], "used": false}, {"class_name": "polygon", "pointlist": [[208, 125], [255, 125], [255, 172], [236, 172], [236, 184], [219, 184], [219, 172], [208, 172], [208, 125]], "used": false}, {"class_name": "polygon", "pointlist": [[0, 149], [84, 148], [84, 175], [72, 175], [72, 178], [62, 178], [62, 175], [57, 175], [57, 178], [49, 178], [49, 175], [45, 175], [46, 178], [38, 178], [38, 175], [32, 175], [32, 178], [26, 178], [26, 175], [18, 175], [18, 178], [9, 178], [9, 175], [5, 175], [5, 178], [0, 178], [0, 149]], "used": false}, {"class_name": "polygon", "pointlist": [[72, 79], [88, 79], [88, 101], [71, 100], [72, 79]], "used": false}, {"class_name": "polygon", "pointlist": [[172, 53], [225, 54], [224, 79], [214, 79], [214, 84], [205, 84], [205, 79], [198, 79], [198, 84], [192, 84], [192, 79], [187, 79], [187, 84], [178, 84], [178, 79], [172, 79], [172, 53]], "used": false}]