[{"class_name": "polygon", "pointlist": [[476, 436], [476, 406], [486, 406], [486, 360], [430, 360], [430, 406], [440, 406], [440, 436], [476, 436]], "used": false}, {"class_name": "polygon", "pointlist": [[308, 50], [286, 50], [286, 90], [308, 90], [308, 50]], "used": false}, {"class_name": "polygon", "pointlist": [[288, 510], [288, 510], [192, 510], [192, 510], [288, 510]], "used": false}, {"class_name": "polygon", "pointlist": [[344, 0], [344, 20], [366, 20], [366, 0], [344, 0]], "used": false}, {"class_name": "polygon", "pointlist": [[482, 444], [468, 444], [468, 462], [482, 462], [482, 444]], "used": false}, {"class_name": "polygon", "pointlist": [[492, 328], [464, 328], [464, 342], [492, 342], [492, 328]], "used": false}, {"class_name": "polygon", "pointlist": [[510, 82], [494, 82], [494, 160], [510, 160], [510, 82]], "used": false}, {"class_name": "polygon", "pointlist": [[62, 146], [62, 64], [0, 64], [0, 146], [62, 146]], "used": false}, {"class_name": "polygon", "pointlist": [[482, 470], [424, 470], [424, 498], [482, 498], [482, 470]], "used": false}, {"class_name": "polygon", "pointlist": [[264, 152], [264, 108], [226, 108], [226, 54], [112, 54], [112, 94], [108, 94], [108, 152], [164, 152], [164, 116], [180, 116], [180, 152], [264, 152]], "used": false}, {"class_name": "polygon", "pointlist": [[456, 158], [456, 22], [398, 22], [398, 62], [330, 62], [330, 114], [392, 114], [392, 156], [424, 156], [424, 158], [456, 158]], "used": false}, {"class_name": "polygon", "pointlist": [[346, 460], [346, 390], [318, 390], [318, 364], [258, 364], [258, 390], [258, 412], [216, 412], [216, 460], [346, 460]], "used": false}]