[{"class_name": "polygon", "pointlist": [[22, 366], [8, 366], [8, 354], [0, 354], [0, 488], [6, 488], [6, 478], [6, 464], [20, 464], [22, 434], [14, 434], [14, 394], [22, 394], [22, 366]], "used": false}, {"class_name": "polygon", "pointlist": [[18, 510], [0, 510], [0, 510], [18, 510], [18, 510]], "used": false}, {"class_name": "polygon", "pointlist": [[364, 510], [262, 510], [262, 510], [364, 510], [364, 510]], "used": false}, {"class_name": "polygon", "pointlist": [[506, 348], [506, 464], [510, 464], [510, 348], [506, 348]], "used": false}, {"class_name": "polygon", "pointlist": [[476, 250], [464, 250], [464, 236], [438, 236], [438, 246], [410, 244], [410, 234], [388, 234], [388, 248], [374, 248], [372, 328], [474, 332], [476, 250]], "used": false}, {"class_name": "polygon", "pointlist": [[494, 510], [392, 510], [392, 510], [494, 510], [494, 510]], "used": false}, {"class_name": "polygon", "pointlist": [[338, 236], [314, 236], [314, 248], [282, 248], [282, 236], [260, 236], [260, 252], [250, 252], [250, 332], [348, 332], [348, 250], [338, 250], [338, 236]], "used": false}, {"class_name": "polygon", "pointlist": [[286, 378], [272, 378], [272, 406], [280, 406], [278, 444], [272, 444], [270, 474], [284, 474], [284, 488], [360, 488], [362, 366], [286, 366], [286, 378]], "used": false}, {"class_name": "polygon", "pointlist": [[510, 482], [508, 482], [508, 510], [510, 510], [510, 482]], "used": false}, {"class_name": "polygon", "pointlist": [[222, 244], [122, 242], [122, 334], [134, 334], [132, 350], [158, 350], [158, 340], [188, 340], [188, 350], [212, 350], [212, 336], [222, 336], [222, 244]], "used": false}, {"class_name": "polygon", "pointlist": [[0, 332], [10, 332], [10, 254], [0, 254], [0, 332]], "used": false}, {"class_name": "polygon", "pointlist": [[506, 232], [506, 332], [510, 332], [510, 232], [506, 232]], "used": false}, {"class_name": "polygon", "pointlist": [[214, 490], [192, 492], [192, 504], [156, 504], [156, 492], [130, 492], [130, 510], [122, 510], [122, 510], [222, 510], [222, 508], [214, 508], [214, 490]], "used": false}, {"class_name": "polygon", "pointlist": [[476, 362], [462, 362], [462, 354], [388, 352], [384, 472], [460, 474], [460, 462], [474, 462], [474, 432], [466, 432], [466, 394], [474, 394], [476, 362]], "used": false}]