[{"class_name": "polygon", "pointlist": [[216, 354], [216, 340], [254, 338], [252, 308], [218, 308], [218, 304], [206, 304], [202, 226], [108, 228], [108, 252], [98, 252], [102, 314], [110, 314], [112, 344], [122, 344], [122, 358], [216, 354]], "used": false}, {"class_name": "polygon", "pointlist": [[284, 122], [280, 4], [264, 6], [264, 0], [158, 0], [158, 14], [180, 14], [180, 52], [158, 52], [146, 52], [148, 124], [162, 124], [268, 122], [284, 122]], "used": false}, {"class_name": "polygon", "pointlist": [[230, 448], [160, 424], [130, 488], [118, 510], [212, 510], [200, 508], [230, 448]], "used": false}, {"class_name": "polygon", "pointlist": [[258, 388], [312, 386], [310, 370], [256, 372], [258, 388]], "used": false}]