[{"class_name": "polygon", "pointlist": [[255, 71], [247, 71], [247, 31], [255, 31], [255, 71]], "used": false}, {"class_name": "polygon", "pointlist": [[73, 235], [33, 235], [32, 197], [38, 197], [38, 180], [51, 180], [51, 174], [73, 174], [73, 235]], "used": false}, {"class_name": "polygon", "pointlist": [[95, 41], [94, 100], [80, 100], [70, 100], [70, 93], [61, 93], [61, 79], [55, 79], [55, 53], [64, 53], [64, 40], [95, 41]], "used": false}, {"class_name": "polygon", "pointlist": [[142, 96], [117, 96], [117, 77], [119, 77], [119, 44], [146, 43], [146, 35], [166, 35], [166, 49], [154, 49], [154, 90], [142, 90], [142, 96]], "used": false}, {"class_name": "polygon", "pointlist": [[224, 30], [224, 89], [201, 89], [201, 83], [189, 83], [189, 67], [183, 67], [183, 42], [193, 42], [193, 29], [224, 30]], "used": false}, {"class_name": "polygon", "pointlist": [[116, 177], [116, 183], [125, 183], [125, 200], [131, 199], [131, 224], [120, 224], [120, 237], [91, 237], [90, 177], [116, 177]], "used": false}, {"class_name": "polygon", "pointlist": [[254, 169], [254, 183], [255, 183], [255, 210], [248, 210], [248, 219], [220, 220], [219, 162], [255, 161], [255, 169], [254, 169]], "used": false}, {"class_name": "polygon", "pointlist": [[197, 167], [197, 219], [168, 219], [168, 213], [161, 213], [161, 172], [178, 172], [178, 167], [197, 167]], "used": false}]