[{"class_name": "polygon", "pointlist": [[54, 13], [73, 14], [73, 27], [71, 67], [42, 65], [43, 39], [53, 40], [54, 26], [54, 13]], "used": false}, {"class_name": "polygon", "pointlist": [[110, 46], [131, 46], [131, 59], [141, 59], [141, 80], [110, 80], [110, 46]], "used": false}, {"class_name": "polygon", "pointlist": [[229, 18], [255, 20], [255, 56], [243, 55], [243, 40], [229, 39], [229, 18]], "used": false}, {"class_name": "polygon", "pointlist": [[0, 173], [3, 170], [0, 167], [3, 162], [6, 165], [12, 157], [36, 183], [21, 203], [11, 192], [2, 205], [0, 202], [0, 173]], "used": false}, {"class_name": "polygon", "pointlist": [[0, 39], [12, 39], [12, 43], [26, 43], [25, 79], [17, 79], [17, 69], [9, 69], [9, 78], [0, 78], [0, 39]], "used": false}, {"class_name": "polygon", "pointlist": [[155, 0], [154, 20], [143, 20], [143, 33], [93, 32], [93, 18], [93, 0], [155, 0]], "used": false}, {"class_name": "polygon", "pointlist": [[66, 113], [69, 113], [69, 114], [77, 115], [76, 127], [65, 126], [66, 113]], "used": false}, {"class_name": "polygon", "pointlist": [[224, 218], [255, 218], [255, 255], [239, 255], [239, 239], [223, 238], [224, 218]], "used": false}, {"class_name": "polygon", "pointlist": [[39, 71], [50, 72], [50, 80], [77, 81], [77, 103], [38, 102], [39, 71]], "used": false}, {"class_name": "polygon", "pointlist": [[95, 240], [137, 243], [137, 248], [148, 249], [148, 255], [94, 255], [95, 240]], "used": false}, {"class_name": "polygon", "pointlist": [[34, 132], [55, 159], [44, 172], [32, 155], [24, 165], [15, 154], [34, 132]], "used": false}, {"class_name": "polygon", "pointlist": [[236, 122], [255, 123], [255, 159], [247, 158], [247, 145], [235, 144], [236, 122]], "used": false}, {"class_name": "polygon", "pointlist": [[89, 132], [137, 135], [137, 158], [152, 159], [151, 182], [97, 179], [98, 165], [87, 165], [89, 132]], "used": false}, {"class_name": "polygon", "pointlist": [[108, 92], [141, 93], [140, 117], [130, 117], [130, 125], [130, 128], [108, 127], [108, 92]], "used": false}, {"class_name": "polygon", "pointlist": [[31, 226], [52, 227], [52, 255], [19, 255], [19, 241], [31, 241], [31, 226]], "used": false}, {"class_name": "polygon", "pointlist": [[97, 186], [150, 189], [149, 216], [134, 215], [134, 230], [105, 228], [106, 208], [96, 208], [97, 186]], "used": false}, {"class_name": "polygon", "pointlist": [[143, 92], [154, 92], [154, 115], [143, 114], [143, 92]], "used": false}, {"class_name": "polygon", "pointlist": [[145, 56], [154, 57], [153, 79], [144, 79], [145, 56]], "used": false}, {"class_name": "polygon", "pointlist": [[255, 9], [230, 9], [230, 0], [255, 0], [255, 9]], "used": false}, {"class_name": "polygon", "pointlist": [[241, 67], [255, 67], [255, 110], [227, 110], [227, 83], [237, 83], [238, 74], [241, 74], [241, 67]], "used": false}, {"class_name": "polygon", "pointlist": [[243, 172], [255, 172], [255, 207], [232, 207], [232, 182], [243, 182], [243, 172]], "used": false}, {"class_name": "polygon", "pointlist": [[0, 125], [3, 127], [2, 130], [0, 136], [0, 125]], "used": false}]