[{"class_name": "polygon", "pointlist": [[140, 52], [204, 52], [204, 0], [140, 0], [140, 52]], "used": false}, {"class_name": "polygon", "pointlist": [[76, 510], [76, 468], [2, 468], [2, 510], [76, 510]], "used": false}, {"class_name": "polygon", "pointlist": [[316, 32], [340, 32], [342, 14], [316, 12], [316, 32]], "used": false}, {"class_name": "polygon", "pointlist": [[246, 106], [248, 134], [250, 194], [478, 184], [472, 124], [402, 126], [402, 98], [246, 106]], "used": false}, {"class_name": "polygon", "pointlist": [[32, 108], [32, 130], [128, 130], [138, 130], [138, 114], [204, 114], [204, 72], [138, 72], [138, 60], [128, 60], [126, 42], [0, 42], [0, 108], [32, 108]], "used": false}, {"class_name": "polygon", "pointlist": [[314, 476], [314, 510], [456, 510], [456, 476], [314, 476]], "used": false}]