[{"class_name": "polygon", "pointlist": [[132, 40], [133, 80], [99, 81], [99, 78], [86, 78], [85, 61], [77, 61], [77, 40], [132, 40]], "used": false}, {"class_name": "polygon", "pointlist": [[121, 85], [121, 98], [133, 99], [133, 128], [120, 128], [78, 127], [79, 96], [84, 96], [84, 86], [104, 86], [104, 85], [121, 85]], "used": false}, {"class_name": "polygon", "pointlist": [[255, 26], [224, 26], [224, 12], [222, 12], [222, 3], [224, 3], [224, 0], [255, 0], [255, 26]], "used": false}, {"class_name": "polygon", "pointlist": [[211, 255], [210, 234], [218, 234], [218, 227], [255, 227], [255, 255], [211, 255]], "used": false}, {"class_name": "polygon", "pointlist": [[122, 229], [123, 245], [126, 245], [127, 253], [123, 253], [123, 255], [79, 255], [79, 231], [89, 231], [89, 229], [122, 229]], "used": false}, {"class_name": "polygon", "pointlist": [[136, 0], [136, 32], [122, 31], [122, 34], [76, 33], [76, 13], [84, 13], [84, 0], [136, 0]], "used": false}, {"class_name": "polygon", "pointlist": [[255, 167], [224, 167], [211, 167], [211, 154], [218, 154], [218, 132], [224, 132], [224, 127], [255, 128], [255, 167]], "used": false}, {"class_name": "polygon", "pointlist": [[124, 181], [124, 197], [128, 197], [128, 207], [124, 207], [123, 223], [88, 223], [88, 224], [79, 224], [79, 183], [89, 183], [89, 181], [124, 181]], "used": false}, {"class_name": "polygon", "pointlist": [[255, 73], [227, 73], [227, 34], [255, 34], [255, 73]], "used": false}, {"class_name": "polygon", "pointlist": [[254, 177], [254, 189], [255, 189], [255, 219], [214, 219], [214, 210], [203, 210], [203, 177], [254, 177]], "used": false}, {"class_name": "polygon", "pointlist": [[255, 122], [225, 122], [225, 101], [210, 101], [210, 83], [225, 83], [225, 80], [255, 80], [255, 122]], "used": false}, {"class_name": "polygon", "pointlist": [[123, 132], [123, 150], [137, 150], [137, 173], [123, 173], [78, 173], [78, 161], [80, 161], [80, 135], [89, 135], [89, 133], [123, 132]], "used": false}]