[{"class_name": "polygon", "pointlist": [[170, 255], [170, 227], [201, 227], [201, 246], [219, 246], [219, 255], [170, 255]], "used": false}, {"class_name": "polygon", "pointlist": [[238, 188], [221, 188], [221, 202], [187, 202], [163, 202], [163, 90], [187, 90], [187, 102], [221, 102], [221, 160], [238, 160], [238, 188]], "used": false}, {"class_name": "polygon", "pointlist": [[253, -1], [251, 2], [249, -1], [253, -1]], "used": false}, {"class_name": "polygon", "pointlist": [[220, 48], [202, 38], [202, 68], [131, 68], [131, -1], [227, -1], [212, 15], [229, 26], [220, 48]], "used": false}, {"class_name": "polygon", "pointlist": [[125, 108], [125, 79], [146, 79], [146, 108], [125, 108]], "used": false}]