[{"class_name": "polygon", "pointlist": [[34, -1], [39, 4], [43, -1], [47, -1], [61, 13], [52, 30], [38, 18], [37, 21], [39, 24], [27, 44], [9, 26], [1, 40], [0, 39], [0, -1], [34, -1]], "used": false}, {"class_name": "polygon", "pointlist": [[255, 232], [253, 226], [255, 224], [255, 232]], "used": false}, {"class_name": "polygon", "pointlist": [[0, 62], [3, 67], [7, 63], [19, 79], [0, 101], [0, 62]], "used": false}, {"class_name": "polygon", "pointlist": [[234, 255], [246, 248], [249, 255], [234, 255]], "used": false}]