[{"class_name": "polygon", "pointlist": [[92, 118], [68, 118], [68, 128], [67, 155], [97, 156], [98, 128], [91, 128], [92, 118]], "used": false}, {"class_name": "polygon", "pointlist": [[230, 255], [230, 253], [207, 253], [207, 255], [230, 255]], "used": false}, {"class_name": "polygon", "pointlist": [[221, 155], [221, 118], [199, 118], [199, 125], [191, 125], [190, 155], [221, 155]], "used": false}, {"class_name": "polygon", "pointlist": [[128, 255], [128, 247], [119, 247], [119, 255], [104, 255], [104, 247], [79, 247], [79, 255], [128, 255]], "used": false}, {"class_name": "polygon", "pointlist": [[175, 59], [176, 49], [189, 49], [189, 34], [189, 32], [177, 31], [177, 34], [133, 32], [132, 54], [143, 54], [143, 57], [175, 59]], "used": false}, {"class_name": "polygon", "pointlist": [[164, 119], [149, 119], [149, 131], [148, 156], [178, 156], [178, 131], [164, 131], [164, 119]], "used": false}, {"class_name": "polygon", "pointlist": [[129, 0], [129, 23], [193, 24], [194, 7], [181, 7], [181, 0], [129, 0]], "used": false}, {"class_name": "polygon", "pointlist": [[58, 155], [59, 118], [38, 118], [38, 125], [28, 125], [26, 155], [58, 155]], "used": false}, {"class_name": "polygon", "pointlist": [[18, 152], [18, 125], [9, 125], [9, 113], [0, 113], [0, 152], [18, 152]], "used": false}, {"class_name": "polygon", "pointlist": [[197, 255], [197, 248], [175, 248], [175, 255], [197, 255]], "used": false}, {"class_name": "polygon", "pointlist": [[139, 130], [138, 119], [127, 119], [127, 130], [127, 133], [121, 133], [121, 139], [108, 139], [108, 156], [139, 156], [139, 130]], "used": false}, {"class_name": "polygon", "pointlist": [[119, 53], [119, 33], [108, 33], [108, 30], [49, 30], [49, 46], [61, 46], [61, 55], [108, 55], [108, 53], [119, 53]], "used": false}, {"class_name": "polygon", "pointlist": [[255, 124], [254, 124], [254, 115], [233, 115], [233, 125], [230, 125], [231, 152], [255, 152], [255, 124]], "used": false}, {"class_name": "polygon", "pointlist": [[93, 23], [93, 0], [62, 0], [62, 2], [52, 2], [51, 20], [60, 20], [60, 23], [93, 23]], "used": false}, {"class_name": "polygon", "pointlist": [[68, 255], [68, 253], [44, 253], [44, 255], [68, 255]], "used": false}]