[{"class_name": "polygon", "pointlist": [[179, 123], [221, 124], [221, 150], [233, 150], [233, 174], [221, 174], [220, 174], [220, 182], [166, 181], [167, 141], [179, 141], [179, 123]], "used": false}, {"class_name": "polygon", "pointlist": [[202, 0], [200, 30], [172, 26], [173, 15], [157, 12], [159, 0], [202, 0]], "used": false}, {"class_name": "polygon", "pointlist": [[91, -1], [91, 20], [60, 19], [60, -1], [91, -1]], "used": false}, {"class_name": "polygon", "pointlist": [[166, 198], [223, 198], [223, 207], [231, 207], [231, 233], [221, 233], [221, 242], [173, 243], [173, 230], [166, 230], [166, 198]], "used": false}, {"class_name": "polygon", "pointlist": [[38, 207], [94, 207], [94, 234], [76, 234], [76, 255], [27, 255], [27, 237], [38, 237], [38, 207]], "used": false}, {"class_name": "polygon", "pointlist": [[148, 0], [148, 3], [125, 0], [125, 13], [103, 10], [104, -1], [148, 0]], "used": false}, {"class_name": "polygon", "pointlist": [[42, -1], [42, 3], [20, 2], [20, 17], [0, 17], [0, -1], [42, -1]], "used": false}, {"class_name": "polygon", "pointlist": [[20, 98], [48, 100], [46, 179], [1, 177], [3, 111], [20, 111], [20, 98]], "used": false}, {"class_name": "polygon", "pointlist": [[255, 0], [255, 10], [252, 29], [231, 22], [228, 38], [208, 32], [215, 0], [255, 0]], "used": false}, {"class_name": "polygon", "pointlist": [[57, 100], [79, 101], [79, 119], [101, 120], [99, 178], [73, 177], [73, 168], [55, 167], [57, 100]], "used": false}]