[{"class_name": "polygon", "pointlist": [[219, 109], [213, 112], [218, 122], [220, 130], [201, 139], [199, 132], [192, 113], [177, 120], [184, 140], [166, 150], [146, 96], [168, 84], [166, 79], [183, 68], [186, 73], [192, 70], [190, 65], [206, 57], [208, 61], [217, 57], [236, 112], [223, 119], [219, 109]], "used": false}, {"class_name": "polygon", "pointlist": [[255, 236], [251, 219], [255, 216], [255, 236]], "used": false}, {"class_name": "polygon", "pointlist": [[45, 194], [39, 197], [42, 206], [44, 213], [27, 223], [25, 216], [18, 198], [3, 207], [9, 224], [0, 229], [0, 162], [41, 140], [61, 195], [48, 202], [45, 194]], "used": false}, {"class_name": "polygon", "pointlist": [[255, 110], [254, 111], [233, 49], [241, 45], [242, 49], [255, 43], [254, 38], [255, 38], [255, 110]], "used": false}, {"class_name": "polygon", "pointlist": [[0, 58], [1, 58], [19, 117], [0, 125], [0, 58]], "used": false}, {"class_name": "polygon", "pointlist": [[132, 150], [126, 154], [130, 163], [131, 169], [116, 177], [108, 153], [89, 163], [97, 188], [80, 196], [61, 141], [83, 129], [80, 119], [94, 113], [97, 121], [108, 116], [105, 108], [119, 101], [121, 108], [130, 104], [148, 154], [136, 160], [132, 150]], "used": false}, {"class_name": "polygon", "pointlist": [[84, 75], [62, 87], [63, 90], [30, 107], [9, 44], [26, 35], [29, 44], [32, 55], [39, 52], [35, 40], [48, 33], [45, 26], [61, 17], [68, 42], [70, 44], [76, 42], [75, 38], [86, 32], [101, 76], [87, 83], [85, 79], [84, 75]], "used": false}, {"class_name": "polygon", "pointlist": [[180, 30], [156, 44], [158, 47], [114, 72], [112, 64], [108, 67], [100, 45], [104, 43], [91, 7], [104, 0], [113, 0], [114, 2], [118, 0], [169, -1], [180, 30]], "used": false}, {"class_name": "polygon", "pointlist": [[195, 255], [190, 242], [208, 233], [212, 243], [214, 249], [223, 245], [220, 239], [237, 230], [246, 255], [195, 255]], "used": false}, {"class_name": "polygon", "pointlist": [[237, -1], [225, 5], [227, 9], [191, 28], [181, -1], [237, -1]], "used": false}]