[{"class_name": "polygon", "pointlist": [[169, 243], [169, 241], [169, 241], [170, 240], [171, 238], [171, 237], [172, 236], [173, 236], [174, 236], [175, 236], [176, 236], [177, 236], [177, 236], [178, 237], [179, 238], [180, 240], [180, 241], [181, 241], [181, 243], [181, 244], [180, 246], [180, 247], [179, 247], [178, 248], [177, 249], [177, 250], [176, 250], [175, 250], [174, 250], [173, 250], [172, 249], [171, 248], [171, 247], [170, 247], [169, 246], [169, 244], [169, 243]], "used": false}, {"class_name": "polygon", "pointlist": [[151, 237], [151, 221], [160, 221], [160, 237], [151, 237]], "used": false}, {"class_name": "polygon", "pointlist": [[238, 255], [238, 240], [253, 240], [253, 222], [255, 222], [255, 255], [238, 255]], "used": false}, {"class_name": "polygon", "pointlist": [[213, 145], [234, 144], [233, 135], [255, 134], [255, 189], [215, 191], [213, 145]], "used": false}, {"class_name": "polygon", "pointlist": [[83, 9], [73, 9], [73, -1], [83, -1], [83, 9]], "used": false}, {"class_name": "polygon", "pointlist": [[22, -1], [22, 24], [18, 24], [18, 24], [0, 25], [0, -1], [22, -1]], "used": false}, {"class_name": "polygon", "pointlist": [[153, 0], [153, 7], [126, 7], [126, 13], [96, 12], [96, -1], [153, 0]], "used": false}, {"class_name": "polygon", "pointlist": [[156, 150], [155, 124], [163, 124], [164, 150], [156, 150]], "used": false}]