[{"class_name": "polygon", "pointlist": [[81, 160], [80, 201], [54, 201], [54, 218], [28, 218], [28, 159], [28, 157], [58, 158], [58, 160], [81, 160]], "used": false}, {"class_name": "polygon", "pointlist": [[145, 70], [145, 105], [155, 105], [155, 121], [125, 121], [125, 130], [102, 130], [102, 121], [93, 121], [93, 87], [119, 87], [120, 70], [145, 70]], "used": false}, {"class_name": "polygon", "pointlist": [[214, 155], [214, 165], [218, 165], [218, 181], [222, 181], [222, 195], [193, 195], [193, 215], [166, 215], [166, 165], [189, 165], [189, 155], [214, 155]], "used": false}, {"class_name": "polygon", "pointlist": [[0, 167], [6, 167], [14, 167], [14, 180], [6, 180], [7, 217], [0, 217], [0, 167]], "used": false}, {"class_name": "polygon", "pointlist": [[189, 70], [189, 80], [218, 80], [218, 113], [182, 113], [182, 121], [163, 121], [163, 113], [162, 71], [189, 70]], "used": false}, {"class_name": "polygon", "pointlist": [[0, 73], [11, 73], [11, 122], [0, 122], [0, 73]], "used": false}, {"class_name": "polygon", "pointlist": [[148, 166], [149, 213], [124, 214], [124, 204], [95, 204], [94, 172], [113, 172], [113, 166], [148, 166]], "used": false}, {"class_name": "polygon", "pointlist": [[88, 90], [88, 115], [57, 115], [56, 124], [27, 124], [27, 115], [28, 73], [55, 73], [55, 82], [63, 82], [63, 84], [84, 84], [84, 90], [88, 90]], "used": false}]