[{"class_name": "polygon", "pointlist": [[244, 200], [251, 214], [219, 224], [215, 218], [213, 218], [210, 212], [198, 216], [184, 190], [190, 189], [187, 181], [198, 177], [193, 166], [221, 157], [228, 154], [237, 173], [230, 175], [244, 200]], "used": false}, {"class_name": "polygon", "pointlist": [[102, 90], [102, 118], [110, 118], [110, 143], [48, 143], [48, 127], [41, 127], [40, 105], [46, 105], [46, 96], [55, 96], [55, 91], [102, 90]], "used": false}, {"class_name": "polygon", "pointlist": [[244, 173], [255, 167], [255, 185], [254, 186], [244, 173]], "used": false}, {"class_name": "polygon", "pointlist": [[255, 148], [247, 143], [236, 139], [253, 114], [255, 115], [255, 148]], "used": false}, {"class_name": "polygon", "pointlist": [[52, 10], [87, 20], [87, 20], [120, 28], [102, 77], [45, 62], [55, 39], [30, 32], [38, 12], [49, 15], [52, 10]], "used": false}, {"class_name": "polygon", "pointlist": [[128, 154], [165, 172], [152, 189], [142, 185], [125, 209], [115, 222], [86, 208], [91, 201], [79, 195], [100, 164], [106, 166], [110, 160], [120, 166], [128, 154]], "used": false}]