[{"class_name": "polygon", "pointlist": [[179, 5], [183, 16], [171, 22], [166, 11], [154, 18], [148, 0], [177, 0], [179, 5]], "used": false}, {"class_name": "polygon", "pointlist": [[0, 205], [2, 208], [3, 207], [12, 218], [20, 208], [37, 231], [15, 255], [0, 255], [0, 205]], "used": false}, {"class_name": "polygon", "pointlist": [[104, 46], [118, 51], [122, 33], [111, 29], [115, 8], [127, 12], [163, 25], [147, 95], [111, 82], [114, 67], [100, 62], [104, 46]], "used": false}, {"class_name": "polygon", "pointlist": [[0, 74], [5, 74], [6, 86], [80, 84], [82, 145], [31, 148], [31, 157], [5, 158], [4, 148], [0, 148], [0, 74]], "used": false}, {"class_name": "polygon", "pointlist": [[135, 131], [140, 108], [163, 114], [158, 139], [135, 131]], "used": false}]