[{"class_name": "polygon", "pointlist": [[137, 247], [146, 247], [146, 255], [116, 255], [116, 240], [137, 240], [137, 247]], "used": false}, {"class_name": "polygon", "pointlist": [[230, 53], [255, 53], [255, 130], [233, 130], [233, 121], [221, 121], [221, 83], [230, 83], [230, 53]], "used": false}, {"class_name": "polygon", "pointlist": [[110, 67], [112, 67], [112, 56], [117, 56], [117, 46], [121, 46], [121, 42], [140, 42], [140, 44], [146, 44], [146, 77], [140, 77], [140, 79], [110, 79], [110, 67]], "used": false}, {"class_name": "polygon", "pointlist": [[3, 236], [17, 235], [17, 234], [35, 234], [35, 255], [9, 255], [9, 255], [3, 255], [3, 236]], "used": false}, {"class_name": "polygon", "pointlist": [[117, 192], [138, 192], [138, 229], [117, 229], [117, 192]], "used": false}, {"class_name": "polygon", "pointlist": [[111, 106], [117, 106], [117, 96], [133, 96], [133, 91], [138, 91], [138, 96], [147, 96], [147, 126], [138, 126], [138, 129], [111, 129], [111, 106]], "used": false}, {"class_name": "polygon", "pointlist": [[223, 203], [224, 203], [224, 191], [255, 191], [255, 255], [223, 255], [223, 205], [223, 203]], "used": false}, {"class_name": "polygon", "pointlist": [[110, 155], [116, 155], [116, 143], [137, 143], [148, 143], [148, 158], [137, 158], [137, 179], [110, 179], [110, 155]], "used": false}, {"class_name": "polygon", "pointlist": [[8, 73], [24, 73], [24, 73], [39, 73], [39, 96], [39, 106], [33, 106], [33, 124], [39, 124], [39, 145], [14, 145], [14, 143], [8, 143], [8, 73]], "used": false}, {"class_name": "polygon", "pointlist": [[138, 0], [138, 31], [118, 31], [118, -1], [138, 0]], "used": false}]