[{"class_name": "polygon", "pointlist": [[446, 22], [438, 22], [366, 26], [370, 128], [442, 126], [440, 110], [448, 110], [446, 22]], "used": false}, {"class_name": "polygon", "pointlist": [[440, 166], [376, 168], [376, 208], [362, 208], [364, 274], [378, 274], [408, 274], [408, 254], [442, 254], [448, 254], [448, 166], [440, 166]], "used": false}, {"class_name": "polygon", "pointlist": [[192, 140], [190, 122], [204, 122], [202, 88], [94, 98], [98, 138], [76, 140], [80, 204], [100, 204], [100, 214], [208, 204], [204, 140], [192, 140]], "used": false}, {"class_name": "polygon", "pointlist": [[192, 362], [122, 366], [122, 390], [102, 390], [104, 440], [124, 438], [122, 468], [208, 462], [206, 380], [194, 382], [192, 362]], "used": false}, {"class_name": "polygon", "pointlist": [[6, 496], [0, 496], [0, 510], [6, 510], [6, 496]], "used": false}, {"class_name": "polygon", "pointlist": [[202, 226], [100, 228], [100, 242], [80, 242], [80, 278], [100, 276], [102, 338], [204, 334], [204, 312], [194, 312], [194, 288], [204, 288], [208, 288], [206, 226], [202, 226]], "used": false}, {"class_name": "polygon", "pointlist": [[104, 0], [106, 46], [130, 44], [132, 74], [202, 72], [200, 0], [104, 0]], "used": false}, {"class_name": "polygon", "pointlist": [[210, 474], [122, 476], [122, 510], [210, 510], [210, 474]], "used": false}, {"class_name": "polygon", "pointlist": [[444, 290], [374, 292], [376, 392], [446, 390], [444, 290]], "used": false}, {"class_name": "polygon", "pointlist": [[356, 0], [356, 6], [436, 6], [436, 0], [356, 0]], "used": false}, {"class_name": "polygon", "pointlist": [[454, 422], [376, 426], [376, 510], [458, 510], [454, 422]], "used": false}]