[{"class_name": "polygon", "pointlist": [[82, 70], [0, 88], [0, 138], [8, 166], [88, 150], [76, 118], [96, 114], [96, 114], [104, 112], [96, 86], [86, 88], [82, 70]], "used": false}, {"class_name": "polygon", "pointlist": [[328, 0], [328, 2], [436, 2], [436, 0], [328, 0]], "used": false}, {"class_name": "polygon", "pointlist": [[124, 176], [110, 274], [136, 276], [140, 262], [204, 268], [214, 216], [242, 220], [248, 182], [218, 180], [178, 176], [176, 180], [172, 204], [154, 202], [158, 180], [124, 176]], "used": false}, {"class_name": "polygon", "pointlist": [[360, 62], [362, 76], [410, 72], [414, 106], [466, 102], [460, 48], [464, 48], [462, 22], [366, 30], [370, 60], [360, 62]], "used": false}, {"class_name": "polygon", "pointlist": [[140, 340], [140, 356], [102, 356], [102, 440], [146, 440], [146, 410], [146, 406], [164, 406], [164, 410], [196, 410], [196, 356], [196, 340], [140, 340]], "used": false}, {"class_name": "polygon", "pointlist": [[0, 414], [12, 414], [12, 410], [28, 410], [28, 414], [28, 442], [74, 442], [72, 360], [68, 360], [68, 342], [68, 336], [30, 338], [30, 342], [0, 342], [0, 414]], "used": false}, {"class_name": "polygon", "pointlist": [[0, 244], [30, 220], [0, 196], [0, 244]], "used": false}, {"class_name": "polygon", "pointlist": [[380, 342], [382, 440], [424, 440], [424, 412], [424, 408], [440, 408], [440, 412], [476, 412], [476, 340], [380, 342]], "used": false}, {"class_name": "polygon", "pointlist": [[296, 322], [296, 344], [260, 344], [260, 406], [308, 406], [308, 440], [354, 440], [354, 342], [340, 342], [340, 322], [296, 322]], "used": false}, {"class_name": "polygon", "pointlist": [[0, 56], [98, 32], [88, 6], [58, 14], [52, 0], [0, 0], [0, 56]], "used": false}, {"class_name": "polygon", "pointlist": [[352, 132], [262, 178], [274, 194], [334, 164], [344, 180], [344, 184], [342, 190], [342, 194], [342, 200], [344, 204], [344, 208], [348, 212], [352, 216], [356, 218], [362, 222], [366, 222], [374, 224], [440, 194], [400, 134], [366, 148], [352, 132]], "used": false}]