[{"class_name": "polygon", "pointlist": [[46, 128], [44, 74], [86, 72], [87, 94], [98, 93], [100, 125], [88, 125], [46, 128]], "used": false}, {"class_name": "polygon", "pointlist": [[138, 205], [136, 158], [146, 157], [185, 154], [186, 172], [187, 184], [188, 208], [149, 212], [148, 204], [138, 205]], "used": false}, {"class_name": "polygon", "pointlist": [[103, 183], [92, 184], [93, 195], [50, 199], [49, 174], [61, 173], [60, 158], [74, 157], [73, 144], [101, 142], [102, 154], [102, 170], [103, 183]], "used": false}, {"class_name": "polygon", "pointlist": [[183, 121], [177, 121], [178, 138], [148, 141], [148, 123], [139, 123], [138, 97], [147, 96], [161, 96], [160, 85], [176, 84], [177, 94], [177, 110], [182, 110], [183, 121]], "used": false}, {"class_name": "polygon", "pointlist": [[255, 61], [251, 61], [251, 40], [255, 40], [255, 61]], "used": false}, {"class_name": "polygon", "pointlist": [[143, 62], [141, 4], [183, 3], [184, 61], [143, 62]], "used": false}, {"class_name": "polygon", "pointlist": [[52, 254], [49, 254], [46, 251], [46, 247], [48, 243], [51, 243], [51, 230], [51, 222], [73, 222], [73, 230], [95, 229], [95, 247], [105, 246], [105, 255], [52, 255], [52, 254]], "used": false}, {"class_name": "polygon", "pointlist": [[146, 255], [145, 239], [177, 237], [190, 236], [191, 255], [146, 255]], "used": false}, {"class_name": "polygon", "pointlist": [[96, 22], [86, 23], [87, 49], [88, 54], [70, 54], [70, 49], [44, 50], [43, 0], [96, 0], [96, 22]], "used": false}]