[{"class_name": "polygon", "pointlist": [[99, 73], [99, 79], [113, 79], [113, 100], [101, 100], [101, 112], [51, 112], [51, 73], [99, 73]], "used": false}, {"class_name": "polygon", "pointlist": [[113, 32], [113, 55], [124, 55], [124, 66], [50, 66], [50, 48], [59, 48], [59, 39], [69, 39], [69, 32], [113, 32]], "used": false}, {"class_name": "polygon", "pointlist": [[176, 41], [176, 49], [184, 49], [184, 56], [194, 56], [194, 94], [179, 94], [179, 91], [148, 91], [148, 54], [150, 54], [150, 41], [176, 41]], "used": false}, {"class_name": "polygon", "pointlist": [[188, 160], [172, 160], [172, 152], [188, 152], [188, 160]], "used": false}, {"class_name": "polygon", "pointlist": [[251, 91], [207, 91], [207, 55], [221, 55], [221, 50], [229, 50], [229, 40], [251, 40], [251, 91]], "used": false}, {"class_name": "polygon", "pointlist": [[70, 206], [50, 206], [50, 185], [59, 185], [59, 177], [68, 177], [68, 168], [116, 168], [116, 180], [113, 180], [113, 202], [70, 202], [70, 206]], "used": false}, {"class_name": "polygon", "pointlist": [[105, 218], [105, 229], [118, 229], [118, 253], [59, 253], [59, 240], [56, 240], [56, 218], [105, 218]], "used": false}, {"class_name": "polygon", "pointlist": [[114, 124], [114, 131], [125, 131], [125, 151], [117, 151], [117, 161], [69, 161], [69, 153], [59, 153], [59, 147], [49, 147], [49, 124], [114, 124]], "used": false}, {"class_name": "polygon", "pointlist": [[212, 195], [212, 214], [225, 214], [225, 233], [205, 233], [205, 230], [155, 230], [155, 195], [212, 195]], "used": false}, {"class_name": "polygon", "pointlist": [[205, 250], [205, 253], [225, 253], [225, 255], [155, 255], [155, 250], [205, 250]], "used": false}]