[{"class_name": "polygon", "pointlist": [[42, 510], [44, 456], [26, 454], [26, 452], [0, 450], [0, 510], [42, 510]], "used": false}, {"class_name": "polygon", "pointlist": [[0, 316], [30, 316], [30, 262], [38, 262], [38, 238], [30, 238], [0, 238], [0, 316]], "used": false}, {"class_name": "polygon", "pointlist": [[0, 216], [26, 216], [26, 182], [42, 182], [44, 152], [28, 152], [28, 134], [0, 134], [0, 216]], "used": false}, {"class_name": "polygon", "pointlist": [[420, 98], [422, 150], [486, 148], [484, 98], [420, 98]], "used": false}, {"class_name": "polygon", "pointlist": [[508, 234], [510, 236], [510, 224], [508, 234]], "used": false}, {"class_name": "polygon", "pointlist": [[0, 114], [44, 114], [44, 34], [0, 34], [0, 114]], "used": false}, {"class_name": "polygon", "pointlist": [[0, 424], [2, 424], [2, 370], [24, 370], [24, 342], [4, 342], [0, 340], [0, 424]], "used": false}, {"class_name": "polygon", "pointlist": [[0, 18], [14, 18], [14, 14], [30, 14], [30, 0], [0, 0], [0, 18]], "used": false}]