[{"class_name": "polygon", "pointlist": [[232, 510], [222, 454], [238, 450], [234, 426], [218, 432], [118, 462], [130, 510], [232, 510]], "used": false}, {"class_name": "polygon", "pointlist": [[216, 308], [98, 306], [98, 356], [134, 358], [134, 422], [190, 424], [192, 370], [216, 372], [216, 308]], "used": false}, {"class_name": "polygon", "pointlist": [[474, 120], [442, 148], [422, 112], [386, 144], [458, 272], [480, 252], [480, 252], [480, 250], [472, 240], [510, 204], [510, 188], [474, 120]], "used": false}, {"class_name": "polygon", "pointlist": [[510, 6], [448, 6], [448, 60], [480, 60], [480, 124], [510, 124], [510, 6]], "used": false}, {"class_name": "polygon", "pointlist": [[378, 168], [278, 170], [278, 248], [290, 248], [290, 276], [320, 276], [320, 248], [380, 246], [378, 168]], "used": false}, {"class_name": "polygon", "pointlist": [[272, 190], [264, 190], [264, 142], [234, 142], [234, 136], [174, 136], [174, 160], [168, 160], [168, 198], [174, 198], [174, 250], [180, 250], [180, 272], [220, 272], [220, 250], [272, 250], [272, 190]], "used": false}, {"class_name": "polygon", "pointlist": [[416, 344], [416, 420], [510, 420], [510, 344], [416, 344]], "used": false}, {"class_name": "polygon", "pointlist": [[336, 300], [322, 312], [332, 324], [344, 312], [336, 300]], "used": false}, {"class_name": "polygon", "pointlist": [[344, 298], [344, 334], [358, 350], [400, 350], [414, 332], [414, 298], [344, 298]], "used": false}, {"class_name": "polygon", "pointlist": [[406, 436], [356, 374], [354, 378], [342, 364], [346, 358], [318, 320], [312, 326], [282, 362], [304, 390], [322, 414], [286, 456], [332, 510], [390, 510], [402, 496], [378, 466], [406, 436]], "used": false}, {"class_name": "polygon", "pointlist": [[158, 280], [158, 296], [168, 296], [168, 280], [158, 280]], "used": false}, {"class_name": "polygon", "pointlist": [[98, 128], [66, 128], [66, 178], [98, 178], [98, 250], [158, 250], [158, 130], [98, 128]], "used": false}]