[{"class_name": "polygon", "pointlist": [[106, 184], [106, 165], [102, 165], [102, 157], [99, 157], [99, 136], [161, 136], [161, 157], [136, 157], [136, 165], [133, 165], [133, 184], [106, 184]], "used": false}, {"class_name": "polygon", "pointlist": [[237, 54], [237, 32], [251, 32], [251, 23], [255, 23], [255, 67], [250, 67], [250, 54], [237, 54]], "used": false}, {"class_name": "polygon", "pointlist": [[196, 14], [196, 26], [167, 26], [167, 14], [196, 14]], "used": false}, {"class_name": "polygon", "pointlist": [[200, 61], [212, 61], [212, 71], [200, 71], [200, 61]], "used": false}, {"class_name": "polygon", "pointlist": [[99, 241], [99, 231], [99, 228], [113, 228], [114, 189], [128, 189], [128, 192], [148, 192], [148, 231], [141, 231], [141, 241], [99, 241]], "used": false}, {"class_name": "polygon", "pointlist": [[121, 98], [121, 84], [143, 84], [143, 94], [154, 94], [154, 113], [143, 113], [143, 125], [99, 125], [99, 98], [121, 98]], "used": false}, {"class_name": "polygon", "pointlist": [[243, 128], [243, 110], [236, 110], [236, 79], [255, 79], [255, 128], [243, 128]], "used": false}, {"class_name": "polygon", "pointlist": [[0, 158], [12, 158], [12, 160], [14, 160], [14, 178], [0, 178], [0, 158]], "used": false}, {"class_name": "polygon", "pointlist": [[246, 238], [246, 246], [234, 246], [234, 238], [246, 238]], "used": false}, {"class_name": "polygon", "pointlist": [[194, 205], [172, 204], [173, 189], [194, 189], [194, 205]], "used": false}, {"class_name": "polygon", "pointlist": [[225, 224], [211, 234], [200, 224], [214, 213], [225, 224]], "used": false}, {"class_name": "polygon", "pointlist": [[108, 73], [108, 58], [105, 58], [105, 50], [100, 50], [100, 23], [148, 23], [148, 58], [137, 58], [137, 73], [108, 73]], "used": false}, {"class_name": "polygon", "pointlist": [[213, 234], [227, 224], [238, 235], [225, 244], [213, 234]], "used": false}, {"class_name": "polygon", "pointlist": [[255, 186], [253, 183], [243, 189], [222, 171], [231, 163], [221, 154], [249, 133], [255, 140], [255, 186]], "used": false}]