[{"class_name": "polygon", "pointlist": [[17, 27], [19, 0], [55, 0], [55, 13], [39, 13], [38, 27], [17, 27]], "used": false}, {"class_name": "polygon", "pointlist": [[-1, 101], [19, 102], [19, 113], [33, 113], [32, 163], [19, 163], [0, 163], [-1, 101]], "used": false}, {"class_name": "polygon", "pointlist": [[46, 146], [46, 125], [59, 125], [59, 115], [80, 115], [80, 146], [46, 146]], "used": false}, {"class_name": "polygon", "pointlist": [[226, 225], [227, 204], [255, 203], [255, 237], [241, 237], [241, 225], [226, 225]], "used": false}, {"class_name": "polygon", "pointlist": [[171, 13], [171, 0], [207, 0], [207, 24], [181, 24], [181, 13], [171, 13]], "used": false}, {"class_name": "polygon", "pointlist": [[132, 222], [159, 201], [172, 212], [155, 224], [165, 232], [154, 241], [132, 222]], "used": false}, {"class_name": "polygon", "pointlist": [[40, 255], [40, 244], [44, 244], [44, 230], [79, 231], [79, 239], [70, 239], [70, 247], [79, 247], [79, 255], [40, 255]], "used": false}, {"class_name": "polygon", "pointlist": [[92, 113], [92, 102], [115, 102], [114, 113], [92, 113]], "used": false}, {"class_name": "polygon", "pointlist": [[240, 160], [243, 118], [248, 118], [249, 108], [255, 108], [255, 161], [240, 160]], "used": false}, {"class_name": "polygon", "pointlist": [[125, 255], [127, 253], [130, 254], [136, 255], [125, 255]], "used": false}, {"class_name": "polygon", "pointlist": [[8, 0], [8, 26], [-1, 26], [-1, 0], [8, 0]], "used": false}, {"class_name": "polygon", "pointlist": [[121, 20], [122, 0], [158, 0], [157, 9], [144, 9], [143, 21], [121, 20]], "used": false}, {"class_name": "polygon", "pointlist": [[14, 202], [15, 183], [28, 183], [67, 185], [65, 214], [40, 213], [41, 203], [27, 202], [14, 202]], "used": false}, {"class_name": "polygon", "pointlist": [[218, 32], [218, 0], [255, -1], [255, 16], [239, 16], [238, 32], [218, 32]], "used": false}, {"class_name": "polygon", "pointlist": [[71, 217], [72, 206], [80, 206], [81, 179], [103, 179], [102, 218], [71, 217]], "used": false}, {"class_name": "polygon", "pointlist": [[186, 159], [189, 106], [216, 107], [215, 122], [230, 121], [228, 150], [208, 150], [208, 160], [186, 159]], "used": false}, {"class_name": "polygon", "pointlist": [[173, 255], [170, 253], [167, 255], [162, 253], [165, 250], [157, 244], [183, 220], [203, 235], [192, 245], [205, 254], [202, 255], [173, 255]], "used": false}, {"class_name": "polygon", "pointlist": [[56, 111], [57, 102], [79, 103], [79, 112], [56, 111]], "used": false}, {"class_name": "polygon", "pointlist": [[132, 167], [135, 119], [158, 119], [159, 104], [182, 105], [179, 159], [165, 158], [165, 169], [132, 167]], "used": false}, {"class_name": "polygon", "pointlist": [[67, 15], [67, 0], [109, 0], [110, 29], [82, 29], [82, 19], [73, 18], [73, 15], [67, 15]], "used": false}, {"class_name": "polygon", "pointlist": [[92, 148], [93, 115], [117, 116], [117, 126], [125, 126], [128, 126], [127, 148], [92, 148]], "used": false}, {"class_name": "polygon", "pointlist": [[113, 190], [113, 187], [114, 187], [115, 179], [127, 180], [126, 191], [113, 190]], "used": false}]