[{"class_name": "polygon", "pointlist": [[124, 61], [160, 85], [145, 121], [125, 108], [117, 130], [100, 119], [124, 61]], "used": false}, {"class_name": "polygon", "pointlist": [[115, 255], [115, 236], [146, 236], [146, 255], [115, 255]], "used": false}, {"class_name": "polygon", "pointlist": [[166, 96], [206, 97], [206, 152], [188, 152], [188, 133], [166, 133], [166, 96]], "used": false}, {"class_name": "polygon", "pointlist": [[54, -1], [65, 8], [61, 17], [76, 27], [60, 66], [42, 53], [33, 73], [17, 61], [44, -1], [54, -1]], "used": false}, {"class_name": "polygon", "pointlist": [[17, -1], [27, 7], [7, 54], [0, 49], [0, -1], [17, -1]], "used": false}, {"class_name": "polygon", "pointlist": [[204, 15], [205, 50], [197, 50], [183, 51], [183, 42], [160, 44], [158, 0], [195, 0], [196, 16], [204, 15]], "used": false}, {"class_name": "polygon", "pointlist": [[21, 253], [68, 253], [68, 255], [21, 255], [21, 253]], "used": false}, {"class_name": "polygon", "pointlist": [[79, 40], [113, 63], [94, 110], [79, 100], [85, 82], [66, 69], [79, 40]], "used": false}, {"class_name": "polygon", "pointlist": [[19, 217], [37, 217], [37, 191], [70, 191], [79, 191], [79, 210], [70, 210], [70, 239], [19, 239], [19, 217]], "used": false}, {"class_name": "polygon", "pointlist": [[197, 76], [197, 86], [191, 86], [191, 76], [197, 76]], "used": false}, {"class_name": "polygon", "pointlist": [[243, 73], [255, 73], [255, 130], [237, 130], [237, 155], [218, 154], [218, 91], [243, 91], [243, 73]], "used": false}]