[{"class_name": "polygon", "pointlist": [[0, 62], [14, 62], [14, 52], [32, 52], [32, 58], [56, 58], [56, 52], [74, 52], [74, 66], [106, 66], [106, 52], [106, 0], [82, 0], [82, 0], [0, 0], [0, 62]], "used": false}, {"class_name": "polygon", "pointlist": [[432, 508], [510, 510], [510, 460], [432, 460], [432, 508]], "used": false}, {"class_name": "polygon", "pointlist": [[166, 368], [166, 338], [72, 340], [72, 368], [166, 368]], "used": false}, {"class_name": "polygon", "pointlist": [[320, 366], [320, 336], [196, 336], [196, 366], [320, 366]], "used": false}, {"class_name": "polygon", "pointlist": [[308, 510], [308, 482], [188, 482], [188, 510], [308, 510]], "used": false}, {"class_name": "polygon", "pointlist": [[426, 18], [510, 18], [510, 0], [426, 0], [426, 18]], "used": false}, {"class_name": "polygon", "pointlist": [[88, 428], [88, 460], [298, 460], [298, 428], [88, 428]], "used": false}, {"class_name": "polygon", "pointlist": [[0, 458], [16, 458], [16, 448], [22, 448], [40, 448], [40, 394], [22, 392], [22, 360], [40, 360], [40, 292], [22, 292], [22, 292], [24, 272], [40, 272], [42, 208], [24, 208], [24, 174], [48, 174], [48, 122], [16, 122], [16, 118], [16, 112], [0, 112], [0, 458]], "used": false}, {"class_name": "polygon", "pointlist": [[260, 114], [260, 106], [266, 106], [290, 106], [290, 52], [266, 52], [266, 18], [290, 18], [290, 0], [166, 0], [166, 16], [184, 16], [184, 18], [184, 52], [166, 50], [166, 104], [192, 104], [192, 114], [260, 114]], "used": false}, {"class_name": "polygon", "pointlist": [[88, 510], [150, 510], [150, 478], [90, 478], [88, 510]], "used": false}, {"class_name": "polygon", "pointlist": [[0, 508], [58, 508], [58, 476], [0, 476], [0, 508]], "used": false}, {"class_name": "polygon", "pointlist": [[310, 0], [310, 0], [338, 0], [338, 0], [310, 0]], "used": false}, {"class_name": "polygon", "pointlist": [[476, 224], [482, 224], [482, 228], [488, 228], [488, 250], [482, 250], [482, 254], [478, 254], [478, 266], [484, 266], [484, 276], [482, 276], [482, 316], [490, 316], [490, 340], [484, 340], [486, 368], [490, 368], [492, 390], [482, 390], [484, 424], [510, 422], [510, 50], [476, 52], [478, 88], [484, 88], [486, 102], [482, 104], [482, 136], [486, 136], [486, 164], [480, 164], [480, 202], [482, 202], [482, 204], [482, 208], [476, 210], [476, 224]], "used": false}, {"class_name": "polygon", "pointlist": [[344, 360], [344, 374], [368, 376], [368, 360], [344, 360]], "used": false}, {"class_name": "polygon", "pointlist": [[368, 122], [342, 122], [342, 198], [368, 198], [368, 122]], "used": false}, {"class_name": "polygon", "pointlist": [[76, 258], [88, 258], [88, 296], [116, 296], [116, 280], [118, 280], [124, 280], [124, 294], [128, 294], [136, 292], [136, 280], [138, 280], [138, 280], [144, 280], [144, 296], [198, 296], [198, 280], [214, 280], [214, 296], [266, 296], [266, 278], [268, 278], [274, 278], [274, 294], [274, 294], [286, 294], [286, 280], [292, 280], [292, 296], [326, 296], [326, 260], [332, 258], [332, 188], [326, 188], [326, 184], [326, 150], [294, 150], [294, 166], [286, 166], [286, 154], [274, 154], [274, 166], [274, 166], [274, 168], [266, 166], [266, 150], [266, 146], [216, 146], [216, 150], [216, 168], [196, 168], [196, 150], [196, 146], [146, 146], [146, 152], [146, 168], [138, 168], [138, 156], [126, 156], [126, 168], [118, 168], [118, 152], [86, 152], [86, 186], [76, 186], [76, 258]], "used": false}, {"class_name": "polygon", "pointlist": [[370, 256], [344, 256], [344, 332], [370, 332], [370, 256]], "used": false}, {"class_name": "polygon", "pointlist": [[420, 292], [446, 292], [446, 58], [420, 58], [420, 292]], "used": false}]