[{"class_name": "polygon", "pointlist": [[170, 150], [139, 136], [140, 132], [125, 125], [131, 106], [148, 114], [148, 111], [177, 125], [170, 150]], "used": false}, {"class_name": "polygon", "pointlist": [[184, 121], [133, 92], [137, 80], [136, 79], [143, 60], [145, 61], [204, 95], [199, 108], [191, 103], [184, 121]], "used": false}, {"class_name": "polygon", "pointlist": [[90, 255], [92, 242], [105, 246], [105, 244], [146, 253], [146, 255], [90, 255]], "used": false}, {"class_name": "polygon", "pointlist": [[45, 115], [30, 107], [48, 55], [68, 67], [56, 99], [52, 96], [45, 115]], "used": false}, {"class_name": "polygon", "pointlist": [[219, 32], [190, 16], [192, 13], [174, 2], [175, -1], [212, -1], [229, 9], [219, 32]], "used": false}, {"class_name": "polygon", "pointlist": [[0, 76], [4, 79], [20, 32], [42, 44], [25, 90], [19, 87], [15, 101], [0, 93], [0, 76]], "used": false}, {"class_name": "polygon", "pointlist": [[155, 44], [152, 43], [159, 24], [162, 25], [172, 32], [173, 29], [183, 34], [185, 29], [207, 41], [196, 68], [155, 44]], "used": false}, {"class_name": "polygon", "pointlist": [[148, 238], [99, 225], [103, 203], [127, 210], [129, 204], [154, 210], [148, 238]], "used": false}, {"class_name": "polygon", "pointlist": [[91, 0], [85, 13], [67, 0], [91, 0]], "used": false}, {"class_name": "polygon", "pointlist": [[0, 232], [7, 233], [6, 245], [14, 246], [13, 255], [0, 255], [0, 232]], "used": false}, {"class_name": "polygon", "pointlist": [[16, 199], [15, 209], [23, 211], [20, 230], [0, 226], [0, 196], [16, 199]], "used": false}, {"class_name": "polygon", "pointlist": [[0, 1], [9, 9], [0, 22], [0, 1]], "used": false}, {"class_name": "polygon", "pointlist": [[118, 190], [107, 185], [116, 154], [126, 158], [127, 156], [130, 149], [169, 166], [161, 193], [131, 179], [129, 179], [125, 194], [118, 190]], "used": false}]