[{"class_name": "polygon", "pointlist": [[49, 5], [49, 0], [91, 0], [91, 5], [49, 5]], "used": false}, {"class_name": "polygon", "pointlist": [[255, 186], [255, 137], [255, 137], [255, 186], [255, 186]], "used": false}, {"class_name": "polygon", "pointlist": [[255, 79], [254, 79], [254, 49], [255, 49], [255, 79]], "used": false}, {"class_name": "polygon", "pointlist": [[0, 207], [1, 207], [0, 207], [0, 207]], "used": false}, {"class_name": "polygon", "pointlist": [[13, 99], [15, 47], [28, 48], [29, 40], [44, 41], [44, 36], [92, 38], [91, 58], [67, 57], [66, 101], [13, 99]], "used": false}, {"class_name": "polygon", "pointlist": [[9, 247], [80, 244], [80, 255], [9, 255], [9, 247]], "used": false}, {"class_name": "polygon", "pointlist": [[17, 174], [16, 124], [65, 123], [65, 137], [80, 137], [81, 152], [67, 153], [67, 164], [81, 164], [90, 164], [91, 195], [49, 195], [24, 195], [17, 195], [11, 195], [10, 174], [17, 174]], "used": false}]