[{"class_name": "polygon", "pointlist": [[41, 78], [41, 71], [27, 71], [18, 71], [18, 50], [-1, 50], [-1, 27], [0, 26], [1, 21], [3, 15], [6, 10], [9, 6], [14, 2], [16, 0], [96, 0], [96, 1], [102, 4], [106, 9], [109, 14], [112, 19], [113, 25], [115, 31], [117, 31], [117, 49], [115, 49], [115, 71], [96, 71], [96, 78], [41, 78]], "used": false}, {"class_name": "polygon", "pointlist": [[105, 106], [105, 99], [124, 99], [124, 106], [125, 106], [125, 130], [38, 130], [38, 106], [105, 106]], "used": false}, {"class_name": "polygon", "pointlist": [[0, 203], [4, 203], [4, 219], [0, 219], [0, 203]], "used": false}, {"class_name": "polygon", "pointlist": [[-1, 113], [23, 113], [24, 138], [0, 138], [-1, 113]], "used": false}]