[{"class_name": "polygon", "pointlist": [[144, 0], [240, 76], [288, 36], [242, 0], [144, 0]], "used": false}, {"class_name": "polygon", "pointlist": [[142, 80], [168, 100], [200, 76], [172, 54], [142, 80]], "used": false}, {"class_name": "polygon", "pointlist": [[274, 12], [316, 46], [346, 20], [320, 0], [288, 0], [274, 12]], "used": false}, {"class_name": "polygon", "pointlist": [[70, 264], [112, 264], [112, 232], [70, 232], [70, 264]], "used": false}, {"class_name": "polygon", "pointlist": [[460, 354], [510, 354], [510, 332], [460, 332], [460, 354]], "used": false}, {"class_name": "polygon", "pointlist": [[446, 0], [448, 0], [448, 0], [446, 0], [460, 0], [486, 22], [478, 30], [510, 58], [510, 0], [460, 0]], "used": false}, {"class_name": "polygon", "pointlist": [[486, 204], [482, 270], [464, 268], [460, 322], [510, 326], [510, 206], [486, 204]], "used": false}, {"class_name": "polygon", "pointlist": [[192, 278], [192, 326], [244, 326], [244, 306], [254, 306], [254, 250], [214, 250], [214, 168], [150, 168], [150, 278], [192, 278]], "used": false}]