[{"class_name": "polygon", "pointlist": [[76, 216], [76, 237], [62, 237], [62, 216], [76, 216]], "used": false}, {"class_name": "polygon", "pointlist": [[85, 241], [109, 241], [109, 215], [135, 215], [135, 246], [126, 246], [126, 255], [85, 255], [85, 241]], "used": false}, {"class_name": "polygon", "pointlist": [[237, 198], [246, 198], [246, 209], [237, 208], [237, 198]], "used": false}, {"class_name": "polygon", "pointlist": [[88, 139], [103, 139], [103, 125], [125, 125], [128, 125], [128, 149], [125, 149], [125, 182], [119, 182], [119, 191], [90, 191], [90, 182], [88, 182], [88, 139]], "used": false}, {"class_name": "polygon", "pointlist": [[157, 253], [185, 254], [185, 255], [157, 255], [157, 253]], "used": false}, {"class_name": "polygon", "pointlist": [[241, 242], [247, 243], [247, 253], [240, 253], [241, 242]], "used": false}, {"class_name": "polygon", "pointlist": [[255, 128], [255, 128], [255, 168], [255, 168], [255, 158], [255, 128]], "used": false}, {"class_name": "polygon", "pointlist": [[120, -1], [120, 1], [83, -1], [120, -1]], "used": false}, {"class_name": "polygon", "pointlist": [[201, 255], [201, 242], [237, 241], [237, 255], [201, 255]], "used": false}, {"class_name": "polygon", "pointlist": [[185, 129], [185, 158], [153, 158], [145, 158], [145, 130], [153, 130], [185, 129]], "used": false}, {"class_name": "polygon", "pointlist": [[28, 241], [65, 241], [64, 255], [28, 255], [28, 241]], "used": false}, {"class_name": "polygon", "pointlist": [[203, 0], [203, 1], [189, 1], [189, 0], [203, 0], [174, 0], [174, 1], [159, 1], [159, 0], [174, 0]], "used": false}, {"class_name": "polygon", "pointlist": [[61, 129], [63, 157], [30, 160], [28, 131], [61, 129]], "used": false}, {"class_name": "polygon", "pointlist": [[200, 150], [221, 149], [220, 125], [242, 125], [242, 188], [200, 188], [200, 150]], "used": false}, {"class_name": "polygon", "pointlist": [[191, 160], [191, 167], [184, 167], [184, 160], [191, 160]], "used": false}]