[{"class_name": "polygon", "pointlist": [[229, 143], [229, 97], [255, 98], [255, 143], [229, 143]], "used": false}, {"class_name": "polygon", "pointlist": [[167, 26], [166, 16], [142, 16], [142, 0], [197, 0], [198, 25], [167, 26]], "used": false}, {"class_name": "polygon", "pointlist": [[232, 24], [232, 21], [214, 22], [213, 0], [255, -1], [255, 14], [246, 15], [246, 21], [246, 24], [232, 24]], "used": false}, {"class_name": "polygon", "pointlist": [[177, 158], [177, 149], [161, 149], [160, 112], [186, 111], [186, 101], [217, 100], [218, 148], [210, 148], [210, 158], [177, 158]], "used": false}, {"class_name": "polygon", "pointlist": [[-1, 64], [55, 64], [55, 67], [65, 67], [67, 86], [56, 86], [56, 110], [-1, 110], [-1, 64]], "used": false}, {"class_name": "polygon", "pointlist": [[3, 49], [3, 28], [-1, 27], [-1, 4], [3, 4], [49, 4], [49, 21], [62, 21], [62, 31], [61, 31], [60, 49], [3, 49]], "used": false}, {"class_name": "polygon", "pointlist": [[177, 255], [177, 249], [177, 241], [201, 241], [200, 250], [230, 251], [230, 255], [177, 255]], "used": false}, {"class_name": "polygon", "pointlist": [[12, 160], [11, 149], [0, 149], [0, 137], [11, 137], [9, 116], [64, 115], [66, 160], [12, 160]], "used": false}, {"class_name": "polygon", "pointlist": [[17, 255], [16, 245], [60, 244], [60, 255], [17, 255]], "used": false}]